項番,出願番号,文献番号,"出願日
公知日
登録日",発明の名称,出願人,FI
1,特願2018-042975,特開2018-165983,"2018/03/09
 2018/10/25
 -",顔認証方法及び装置,三星電子株式会社,"G06T7/00,510@F 
 G06F21/32"
2,特願2017-255032,特開2018-165979,"2017/12/28
 2018/10/25
 -",情報処理装置、情報処理方法、及びプログラム,株式会社ＳＹＭＢＯＬ 他,"G06Q30/02,480 
 A43D1/00 
 G06Q10/04"
3,特願2017-063009,特開2018-165911,"2017/03/28
 2018/10/25
 -",識別システム、識別方法及びプログラム,日本電気株式会社,"G06T7/00,530 
 A61B5/10,364 
 G06T7/00,350@B 
 他"
4,特願2017-062869,特開2018-165893,"2017/03/28
 2018/10/25
 -",作業支援装置、作業支援方法、及び作業支援プログラム,日本電気株式会社,"G06Q50/04 
 G05B19/418@Z"
5,特願2017-063257,特開2018-164615,"2017/03/28
 2018/10/25
 -",睡眠深度判定システム、睡眠深度判定装置及び睡眠深度判定方法,国立大学法人大阪大学,"A61B5/16 
 A61B5/10,310@A 
 A61B5/11"
6,特願2017-562380,特許6410162,"2017/07/24
 2018/10/24
 2018/10/05",運転支援装置、運転支援方法およびプログラム,有限会社 波多野巌松堂書店,"B60W50/12 
 B60W30/00 
 B60W50/10 
 他"
7,特願2017-061991,特開2018-163622,"2017/03/27
 2018/10/18
 -",製造不良原因の探索支援方法及び情報処理装置,国立大学法人鳥取大学,"G06Q50/04 
 G06F17/30,180@A"
8,特願2017-061412,特開2018-163586,"2017/03/27
 2018/10/18
 -",学習プログラム、学習方法および学習装置,富士通株式会社,"G06F17/30,220@Z 
 G06F17/30,170@A 
 G06F17/30,350@C 
 他"
9,特願2017-060351,特開2018-163524,"2017/03/27
 2018/10/18
 -",画像処理システム及び画像処理を行うためのコンピュータープログラム,株式会社日立ハイテクノロジーズ,"G06T7/00,350@B"
10,特願2017-059629,特開2018-163474,"2017/03/24
 2018/10/18
 -",照合装置、カード発行機,大日本印刷株式会社,"G06K9/66 
 G06K9/20,340@K"
11,特願2017-058719,特開2018-163394,"2017/03/24
 2018/10/18
 -",学習方法、学習装置、学習プログラム、検索方法、検索装置及び検索プログラム,富士通株式会社,"G06N99/00,153 
 G06F17/30,120@A 
 G09C1/00,660@D"
12,特願2017-224454,特開2018-161462,"2017/11/22
 2018/10/18
 -",情報処理方法、情報処理装置、及びプログラム,パナソニックＩＰマネジメント株式会社,"A61B5/00,101@K 
 A61B5/01,350"
13,特願2017-090802,特許6408063,"2017/04/28
 2018/10/17
 2018/09/28",複数のセンサを備える工作機械の主軸ヘッドの故障検出装置,ファナック株式会社,"B23Q17/00@A 
 G01N27/12@B 
 B23B19/02@Z 
 他"
14,特願2017-056205,特開2018-160971,"2017/03/22
 2018/10/11
 -",車両用蓄電装置,株式会社デンソー,"B60L3/00@S 
 H02J7/00@P 
 H02J7/00@A 
 他"
15,特願2017-057900,特開2018-160172,"2017/03/23
 2018/10/11
 -",マルウェア判定方法、マルウェア判定装置及びマルウェア判定プログラム,日本電気株式会社,"G06F21/56,320 
 G06F17/30,210@D 
 G06F17/30,350@C 
 他"
16,特願2017-056350,特開2018-160049,"2017/03/22
 2018/10/11
 -",画像認識装置,パナソニックＩＰマネジメント株式会社,"G06T7/00@C 
 G01S17/89 
 G06T7/00,300@F"
17,特願2017-055505,特開2018-159992,"2017/03/22
 2018/10/11
 -",パラメータ調整装置、学習システム、パラメータ調整方法、およびプログラム,株式会社東芝 他,G06N3/08
18,特願2017-058203,特開2018-159881,"2017/03/23
 2018/10/11
 -",予測装置及び予測方法,株式会社リクルートホールディングス,"G09B7/04 
 G09B19/00@H 
 G09B5/12 
 他"
19,特願2017-056064,特開2018-158284,"2017/03/22
 2018/10/11
 -",データベースの製造方法、及び水処理又は汚泥処理システム,水ｉｎｇ株式会社,"C02F1/00@V 
 C02F11/00@Z"
20,特願2017-058307,特開2018-158052,"2017/03/24
 2018/10/11
 -",運動解析装置、運動解析システム、運動解析方法及びプログラム,カシオ計算機株式会社,"A63B69/36,541@P 
 A63B69/36 
 A63B69/36,541@W"
21,特願2018-525632,特許6404527,"2016/11/30
 2018/10/10
 2018/09/21",カメラ制御システム、カメラ制御方法、およびプログラム,株式会社オプティム,"H04N5/232 
 H04N7/18@E 
 H04N5/232,290 
 他"
22,特願2018-505503,特許6403920,"2017/11/17
 2018/10/10
 2018/09/21",３次元空間監視装置、３次元空間監視方法、及び３次元空間監視プログラム,三菱電機株式会社,B25J19/06
23,特願2017-054320,特開2018-157482,"2017/03/21
 2018/10/04
 -",ゲートウェイ装置及びその制御方法、並びにプログラム,ＫＤＤＩ株式会社,"H04L12/66@Z 
 G06N99/00,150"
24,特願2018-087963,特開2018-156668,"2018/05/01
 2018/10/04
 -",学習が強化されたアトラスベース自動輪郭抽出方法及び装置,エレクタ、インク．,"G06T7/12 
 G06N99/00,150 
 G06T7/00,350@B"
25,特願2018-047567,特開2018-156652,"2018/03/15
 2018/10/04
 -",診断装置、診断システム、診断方法およびプログラム,株式会社リコー,"G05B19/18@W 
 B23Q17/09@A 
 B23Q17/09@F 
 他"
26,特願2017-219802,特開2018-156626,"2017/11/15
 2018/10/04
 -",空調設備のリモートインテリジェント有限状態機械制御システム,台達電子工業股▲ふん▼有限公司,"G06F9/06,620@A 
 F24F11/02@F 
 F24F11/02,103@A 
 他"
27,特願2017-053541,特開2018-156473,"2017/03/17
 2018/10/04
 2018/10/12",解析装置、解析方法、およびプログラム,ヤフー株式会社,"G06F17/30,220@A 
 G06F17/30,220@Z 
 G06F17/30,340@B 
 他"
28,特願2017-052127,特開2018-156348,"2017/03/17
 2018/10/04
 -",障害監視装置、障害監視システムおよびプログラム,株式会社リコー,"G06F11/34,152 
 G06F11/07,157 
 G06F11/07,140@A"
29,特願2017-051979,特開2018-156335,"2017/03/16
 2018/10/04
 -",コンテンツ提供装置、コンテンツ提供方法およびコンテンツ提供プログラム,ヤフー株式会社,"G06Q30/02,392"
30,特願2017-051654,特開2018-156296,"2017/03/16
 2018/10/04
 -",教育支援システムおよび教育支援方法,株式会社日立製作所,"G06Q50/20 
 G09B19/00@Z"
31,特願2017-051503,特開2018-156272,"2017/03/16
 2018/10/04
 -",対話システム、対話装置及びそのためのコンピュータプログラム,国立研究開発法人情報通信研究機構,"G06F17/30,220@Z 
 G06F17/30,180@A 
 G06F17/30,170@A 
 他"
32,特願2017-050080,特開2018-156151,"2017/03/15
 2018/10/04
 -",異常検知装置及び機械学習装置,ファナック株式会社,"G05B19/18@X 
 G05B23/02,302@S 
 G05B23/02@P 
 他"
33,特願2017-050713,特開2018-155522,"2017/03/16
 2018/10/04
 -",データ解析装置,株式会社島津製作所,"G01N27/62@Y 
 G01N30/86@D 
 G01N30/86@G"
34,特願2017-054267,特開2018-153902,"2017/03/21
 2018/10/04
 -",機械学習装置及び熱変位補正装置,ファナック株式会社,"B23Q15/18 
 G05B19/404@K"
35,特願2017-054266,特開2018-153901,"2017/03/21
 2018/10/04
 -",機械学習装置及び熱変位補正装置,ファナック株式会社,"B23Q15/18 
 G05B19/404@K"
36,特願2017-050083,特開2018-153872,"2017/03/15
 2018/10/04
 -",洗浄工程最適化装置及び機械学習装置,ファナック株式会社,B23Q11/00@N
37,特願2017-052446,特開2018-153391,"2017/03/17
 2018/10/04
 -",電子機器、泳法判定方法、泳法判定プログラム及び記憶媒体,セイコーエプソン株式会社,"A63B71/06@M 
 A63B31/10 
 A63B31/12"
38,特願2018-053250,特許6400871,"2018/03/20
 2018/10/03
 2018/09/14",発話制御装置、発話制御方法、および発話制御プログラム,ヤフー株式会社,"G10L13/02,130@Z 
 G10L15/22,200@Z 
 G10L13/00,100@M 
 他"
39,特願2018-088946,特開2018-152106,"2018/05/02
 2018/09/27
 -",水上侵入検知システムおよびその方法,株式会社日立国際電気,"G08B25/00,510@M 
 G01V8/10@S 
 G08B21/00@A 
 他"
40,特願2018-037459,特開2018-152063,"2018/03/02
 2018/09/27
 -",学習結果識別装置、学習結果識別方法、及びそのプログラム,オムロン株式会社,"G06N99/00,150"
41,特願2017-049608,特開2018-152012,"2017/03/15
 2018/09/27
 -",機械学習装置、サーボ制御装置、サーボ制御システム、及び機械学習方法,ファナック株式会社,"G05B19/4155@V 
 G06N99/00,150 
 G05B13/02@L 
 他"
42,特願2017-049429,特開2018-152004,"2017/03/15
 2018/09/27
 -",情報処理装置及びプログラム,富士ゼロックス株式会社,"G06N99/00,153 
 G06F17/30,220@Z 
 G06N3/02"
43,特願2017-049391,特開2018-152000,"2017/03/15
 2018/09/27
 -",分析データ解析装置及び分析データ解析方法,株式会社島津製作所,"G06N99/00,153 
 G01N27/62@D"
44,特願2017-049141,特開2018-151990,"2017/03/14
 2018/09/27
 -",通知装置、通知方法、及びそのプログラム,オムロン株式会社,G06N3/02
45,特願2017-049140,特開2018-151989,"2017/03/14
 2018/09/27
 -",学習結果比較装置、学習結果比較方法、及びそのプログラム,オムロン株式会社,"G06N99/00,150"
46,特願2017-049007,特開2018-151974,"2017/03/14
 2018/09/27
 -",学習成果識別装置、学習成果識別方法、及びそのプログラム,オムロン株式会社,"G06N99/00,150 
 G06N3/08"
47,特願2017-048924,特開2018-151969,"2017/03/14
 2018/09/27
 -",データベース装置、学習結果管理方法、及びそのプログラム,オムロン株式会社,"G06N99/00,150 
 G06F17/30,220@C 
 G06F17/30,170@Z 
 他"
48,特願2017-048778,特開2018-151959,"2017/03/14
 2018/09/27
 -",判定装置、判定プログラムおよび学習方法,オムロン株式会社,"G06N99/00,150"
49,特願2017-048039,特開2018-151892,"2017/03/14
 2018/09/27
 -",モデル学習装置、情報判定装置およびそれらのプログラム,日本放送協会,"G06F17/30,210@D 
 G06F17/30,220@Z 
 G06F17/30,170@A 
 他"
50,特願2017-047791,特開2018-151876,"2017/03/13
 2018/09/27
 -",機械学習に使用される経験を格納する経験データベースを更新する方法,株式会社日立製作所,"G06N99/00,150 
 B25J5/00@E 
 G06N3/08,140 
 他"
51,特願2017-047444,特開2018-151843,"2017/03/13
 2018/09/27
 -",入力画像から検出した対象物の像の尤度を計算する画像処理装置および画像処理方法,ファナック株式会社,"G06T7/00,350@B 
 G06T7/00,610 
 B25J13/08@A"
52,特願2017-047332,特開2018-151833,"2017/03/13
 2018/09/27
 -",識別器学習装置および識別器学習方法,パナソニック株式会社,"G06T1/00,340@B 
 G06T7/00,350@B"
53,特願2017-046848,特開2018-151802,"2017/03/12
 2018/09/27
 -",通信機器に搭載したセンサーを活用した保険料の価格付け装置,畑 加寿也,G06Q40/08
54,特願2017-045240,特開2018-151687,"2017/03/09
 2018/09/27
 -",管理装置、情報処理装置および管理方法,株式会社東芝,"G06F12/16,310@A 
 G06F12/00,597@U 
 G06F12/02,570@A 
 他"
55,特願2017-049043,特開2018-151575,"2017/03/14
 2018/09/27
 -",製造システム及び組立体の製造方法並びにプログラム,株式会社ニコン,"G02B3/00@Z 
 G03B17/14 
 G05B19/418@Z"
56,特願2017-048114,特開2018-151134,"2017/03/14
 2018/09/27
 -",冷凍システム、冷凍装置、冷凍方法、およびプログラム,日本電気株式会社,"F25B1/00,361@D 
 F25B1/00,371@F"
57,特願2018-023614,特開2018-149670,"2018/02/14
 2018/09/27
 -",学習対象装置及び動作方法,オムロン株式会社,B25J13/00@Z
58,特願2018-023612,特開2018-149669,"2018/02/14
 2018/09/27
 -",学習装置及び学習方法,オムロン株式会社,"B25J13/00@Z 
 G05B13/02@L"
59,特願2017-047459,特開2018-149628,"2017/03/13
 2018/09/27
 -",機械学習により補正した計測データでワークの取り出しを行うロボットシステム、計測データ処理装置および計測データ処理方法,ファナック株式会社,"B25J13/00@Z 
 B25J13/08@A"
60,特願2017-173563,特開2018-149260,"2017/09/08
 2018/09/27
 -",睡眠段階判定装置、睡眠段階判定方法及びプログラム,学校法人立命館 他,"A61B5/16 
 A61B5/10,310@A 
 A61B5/11"
61,特願2017-173562,特開2018-149259,"2017/09/08
 2018/09/27
 -",睡眠段階判定装置、睡眠段階判定方法及びプログラム,国立大学法人電気通信大学,"A61B5/16 
 A61B5/10,310@A 
 A61B5/11"
62,特願2017-048625,特開2018-149168,"2017/03/14
 2018/09/27
 -",生体機能についての医学的検査の得点判定装置、及びプログラム,学校法人日本大学,"A61B10/00@H 
 A61B5/02,800@D 
 A61B5/14,322 
 他"
63,特願2017-041721,特開2018-148408,"2017/03/06
 2018/09/20
 -",情報処理装置、情報処理方法、及びプログラム,ＫＤＤＩ株式会社,H04L12/26
64,特願2017-040921,特開2018-148367,"2017/03/03
 2018/09/20
 -",画像処理装置、画像処理システム、画像処理方法、及びプログラム,キヤノン株式会社,"H04N5/225 
 G06T1/00,280 
 H04N7/18@K 
 他"
65,特願2017-038725,特開2018-148281,"2017/03/01
 2018/09/20
 -",画像処理装置,株式会社ブライセン,"H04N9/07@C 
 H04N9/73@A 
 H04N5/232,290"
66,特願2017-040326,特開2018-147978,"2017/03/03
 2018/09/20
 -",データ生成方法、データ生成装置及びデータ生成プログラム,富士通株式会社,H01L21/66@J
67,特願2018-026134,特開2018-147474,"2018/02/16
 2018/09/20
 -",学習装置、学習結果利用装置、学習方法及び学習プログラム,オムロン株式会社,"G06N99/00,153 
 G06N99/00,156 
 G06N3/04 
 他"
68,特願2018-007737,特開2018-147470,"2018/01/19
 2018/09/20
 -",ユーザの業務状況を管理するための方法、プログラム及び情報処理装置,株式会社フィラメント,"G06Q10/06,302"
69,特願2017-045017,特開2018-147443,"2017/03/09
 2018/09/20
 -",故障予知方法、故障予知装置および故障予知プログラム,安川情報システム株式会社,G05B23/02@R
70,特願2017-043745,特開2018-147351,"2017/03/08
 2018/09/20
 -",知識モデル構築システム及び知識モデル構築方法,学校法人トヨタ学園 他,"G06N5/02 
 G06F17/30,419@B 
 G06F17/30,180@A 
 他"
71,特願2017-042472,特開2018-147280,"2017/03/07
 2018/09/20
 -",データ分析装置及びデータ分析方法,株式会社日立ソリューションズ,G06Q10/04
72,特願2017-040325,特開2018-147155,"2017/03/03
 2018/09/20
 -",データ生成方法、データ生成装置及びデータ生成プログラム,富士通株式会社,"G06N99/00,150 
 G06T7/00,350@C"
73,特願2017-043108,特開2018-146448,"2017/03/07
 2018/09/20
 -",状態診断装置,オークマ株式会社,"G01M99/00@Z 
 G05B23/02@G"
74,特願2017-039806,特開2018-146308,"2017/03/02
 2018/09/20
 -",検出装置,株式会社日立製作所,"G01N27/416,300@U 
 G01N21/64@Z 
 G01N27/414,301@R 
 他"
75,特願2017-043321,特開2018-145925,"2017/03/07
 2018/09/20
 -",エンジン回転数制御装置、及びエンジン回転数制御方法,三菱重工業株式会社,"F02D29/00@B 
 E02F9/20@M 
 F02D45/00,340@H 
 他"
76,特願2017-044274,特開2018-144207,"2017/03/08
 2018/09/20
 -",仕上げ加工量予測装置及び機械学習装置,ファナック株式会社,"B23Q15/00@A 
 G06N99/00,153 
 G06N3/02"
77,特願2017-042849,特開2018-144078,"2017/03/07
 2018/09/20
 -",レーザ加工装置および機械学習装置,ファナック株式会社,"B23K26/00@M 
 G06N99/00,150 
 G06N3/02"
78,特願2017-041151,特開2018-144069,"2017/03/03
 2018/09/20
 -",アーク溶接システム及びアーク溶接判定装置,株式会社安川電機,"B23K9/095,515@Z 
 B23K9/073,545 
 B23K9/10@Z 
 他"
79,特願2017-039319,特開2018-143333,"2017/03/02
 2018/09/20
 -",見守り支援システム及びその制御方法,オムロン株式会社,"A61B5/00,102@A 
 H04N7/18@D 
 G08B25/04@K 
 他"
80,特願2018-021672,特許6393433,"2018/02/09
 2018/09/19
 2018/08/31",情報処理装置、情報処理方法およびプログラム,株式会社ビコー,"G05D1/02@S 
 A47L9/28@E 
 B25J19/06 
 他"
81,特願2018-024187,特開2018-142957,"2018/02/14
 2018/09/13
 -",管理装置、コンピュータに実行させるためのプログラムおよびそのプログラムを記録したコンピュータ読み取り可能な記録媒体,株式会社国際電気通信基礎技術研究所 他,"H04W16/14 
 G06N99/00,153"
82,特願2018-033691,特開2018-142705,"2018/02/27
 2018/09/13
 -",電極体、評価装置及び評価方法,信越ポリマー株式会社,"H01G13/00,371@Z 
 H01G9/052,500 
 H01G9/00,290@Z"
83,特願2018-047268,特開2018-142326,"2018/02/27
 2018/09/13
 -",異なる空間におけるファジィ事象確率測度のモデルの構築方法、その装置、及びそのプログラム、及びそのブログラムが搭載された汎用モバイル端末装置,顧 澤蒼,"G06N7/02,130 
 G06N3/08"
84,特願2018-047267,特開2018-142325,"2018/02/27
 2018/09/13
 -",超深層回帰分析の機械学習モデルの構築方法、その装置、及びそのプログラム、及びそのプログラムが搭載された汎用モバイル端末装置,顧 澤蒼,"G06N3/08,180 
 G06F17/18@D 
 G06N3/04,154"
85,特願2018-047266,特開2018-142324,"2018/02/27
 2018/09/13
 -",異なる空間における距離のモデルの構築方法、その装置、及びそのプログラム、及びそのモデルを構成したプログラムが搭載された汎用モバイル端末装置,顧 澤蒼,"G06N99/00,150 
 G06F17/18"
86,特願2018-047265,特開2018-142323,"2018/02/27
 2018/09/13
 -",超深層競合学習のニューラルネットワークモデルの構築方法、その装置、及びそのモデルが搭載された汎用モバイル端末装置、及びそのプログラム,顧 澤蒼,"G06N3/08,180 
 G06N3/04,136 
 G06N3/04,154 
 他"
87,特願2018-010097,特開2018-142308,"2018/01/24
 2018/09/13
 -",露天採鉱における活動時間予測のための学習者のオンライン階層アンサンブル,株式会社日立製作所,"G06Q10/08 
 G06Q10/04 
 G06Q50/02"
88,特願2017-237267,特開2018-142301,"2017/12/11
 2018/09/13
 -",会計処理装置、会計処理システム、会計処理方法、及び会計処理プログラム,ファーストアカウンティング株式会社,"G06Q40/00,400"
89,特願2017-179933,特開2018-142295,"2017/09/20
 2018/09/13
 -",機械学習に基づくアクセス制御のためのシステムおよび方法、プログラム,富士ゼロックス株式会社,"G06Q10/10 
 G06N99/00,150 
 G06Q10/06,332"
90,特願2017-037525,特開2018-142272,"2017/02/28
 2018/09/13
 -",コンテンツ評価予測システム及びコンテンツ評価予測方法,株式会社エヌ・ティ・ティ・データ 他,"G06Q10/04 
 G06F17/30,170@D 
 G06F17/30,220@Z 
 他"
91,特願2017-037178,特開2018-142256,"2017/02/28
 2018/09/13
 -",在庫管理および予防保全を行う機能を有する在庫管理システム,ファナック株式会社,"G05B19/418@Z 
 B65G1/137@A 
 G06Q10/00,300"
92,特願2017-035283,特開2018-142131,"2017/02/27
 2018/09/13
 -",情報判定モデル学習装置、情報判定装置およびそれらのプログラム,日本放送協会,"G06F17/30,210@D 
 G06F17/30,170@A 
 G06F17/27,665"
93,特願2017-035367,特開2018-141854,"2017/02/27
 2018/09/13
 -",情報処理方法および情報処理装置,ヤマハ株式会社,"G10L25/57 
 G06F17/30,220@Z 
 G06F17/30,170@D 
 他"
94,特願2017-036816,特開2018-140471,"2017/02/28
 2018/09/13
 -",制御装置及び機械学習装置,ファナック株式会社,"B23P19/06@N 
 G05B19/4155@V 
 B25J13/00@Z"
95,特願2018-016972,特開2018-140162,"2018/02/02
 2018/09/13
 -",作業適正度判定システム,パナソニックＩＰマネジメント株式会社,"A61B5/18 
 A61B5/02,800@D 
 A61B5/16 
 他"
96,特願2017-036115,特開2018-139901,"2017/02/28
 2018/09/13
 -",造影ＣＴスキャン装置、造影ＣＴスキャン装置の作動方法、及び造影ＣＴスキャン像を得るための方法,バイエル薬品株式会社 他,"A61B6/03,330@C 
 A61B6/03,375"
97,特願2018-053092,特許6389976,"2018/03/20
 2018/09/12
 2018/08/24",車両施設監視システム,安川情報システム株式会社 他,"G08G1/14@A 
 G08B5/00@P 
 G08G1/015@A 
 他"
98,特願2017-033494,特開2018-139050,"2017/02/24
 2018/09/06
 -",指標提示システム及び指標提示方法,株式会社神戸製鋼所,"G05B23/02@V 
 G01D21/00@Q"
99,特願2017-033896,特開2018-138327,"2017/02/24
 2018/09/06
 -",工具状態推定装置及び工作機械,ファナック株式会社,"B23Q17/09@Z 
 B23Q17/09@A 
 G06N3/08,140 
 他"
100,特願2017-029641,特開2018-137857,"2017/02/21
 2018/08/30
 -",車両制御装置、車両制御方法、プログラム,三菱重工業株式会社 他,B60L15/40@E
101,特願2017-244567,特開2018-137210,"2017/12/21
 2018/08/30
 -",燃料電池システムにおける分散故障管理のためのシステムおよび方法,ゼネラル・エレクトリック・カンパニイ,"H01M8/04@Z 
 H01M8/04992 
 H01M8/0432 
 他"
102,特願2017-032451,特開2018-136870,"2017/02/23
 2018/08/30
 -",判定装置及び判定方法,清水建設株式会社,"G06Q50/06 
 G01R21/00@Q 
 G06N99/00,150 
 他"
103,特願2017-032227,特開2018-136845,"2017/02/23
 2018/08/30
 -",ログ収集システム、ログ収集方法、アクセス解析システム、アクセス解析方法、及びプログラム,株式会社ＷＡＣＵＬ,"G06Q30/02,300 
 G06Q30/02,436"
104,特願2017-031210,特開2018-136781,"2017/02/22
 2018/08/30
 -",渋滞緩和支援装置、サーバ装置、渋滞緩和支援システム、渋滞緩和支援方法、およびプログラム,本田技研工業株式会社,"G08G1/00@A 
 G01C21/34 
 B60W40/04 
 他"
105,特願2017-029690,特開2018-136656,"2017/02/21
 2018/08/30
 -",障害対応支援システム,株式会社野村総合研究所,"G06F11/07,193 
 G06F11/07,140@A 
 G06F17/30,170@A 
 他"
106,特願2017-029248,特開2018-136632,"2017/02/20
 2018/08/30
 -",形状推定装置,オムロン株式会社,"G06T7/60,150@B 
 G06N99/00,150 
 G06T7/00,350@C"
107,特願2017-029170,特開2018-136625,"2017/02/20
 2018/08/30
 -",識別装置、識別方法及び識別プログラム,ＫＤＤＩ株式会社,"G06F21/31 
 G06F17/30,210@D 
 G06F21/32"
108,特願2017-032714,特開2018-135075,"2017/02/23
 2018/08/30
 -",画像表示システム、画像表示方法及びプログラム,パナソニックＩＰマネジメント株式会社,"B60K35/00 
 B60R21/00,626@G 
 B60W40/04 
 他"
109,特願2017-032587,特開2018-135069,"2017/02/23
 2018/08/30
 -",情報処理システム、情報処理方法及びプログラム,パナソニックＩＰマネジメント株式会社,"B60W40/10 
 B62D6/00 
 B60W40/02 
 他"
110,特願2017-032574,特開2018-135068,"2017/02/23
 2018/08/30
 -",情報処理システム、情報処理方法及びプログラム,パナソニックＩＰマネジメント株式会社,"B60W30/00 
 B60W40/04 
 B60W40/10 
 他"
111,特願2017-032901,特開2018-134724,"2017/02/24
 2018/08/30
 -",動作推定装置及び動作補助装置,ボッシュ株式会社,"B25J13/00@Z 
 B25J11/00@Z 
 A61F2/72"
112,特願2017-032011,特開2018-134051,"2017/02/23
 2018/08/30
 -",情報処理装置、情報処理方法及び情報処理プログラム,大学共同利用機関法人情報・システム研究機構,"C12M1/34@D 
 C12Q1/04 
 C12Q1/68@Z"
113,特願2017-147970,特許6380628,"2017/07/31
 2018/08/29
 2018/08/10",電力変換装置、サーバ、及びデータ生成方法,株式会社安川電機,"G05B23/02,302@S 
 H02P29/024 
 H02M7/48@M"
114,特願2018-085360,特開2018-133106,"2018/04/26
 2018/08/23
 -",モバイルデバイスユーザの将来の状態を予測することに関する方法,フェイスブック，インク．,"G06Q10/04 
 G06Q50/00,300"
115,特願2018-022903,特開2018-133084,"2018/02/13
 2018/08/23
 -",自動化プロセスの処理の分散を最適化するシステム,ブルー プリズム リミテッド,"G06F9/46,462@A 
 G06F9/46,350 
 G06F9/46,465@B 
 他"
116,特願2017-027224,特開2018-132996,"2017/02/16
 2018/08/23
 -",推定装置、学習装置、推定方法、及び推定プログラム,パナソニックＩＰマネジメント株式会社,"G06T7/00,350@C 
 B60R16/02,630@Z 
 B60W40/08 
 他"
117,特願2017-026397,特開2018-132962,"2017/02/15
 2018/08/23
 -",画像出力装置及び画像出力方法,オムロン株式会社,"G06T7/00,350@B 
 G06T7/00@C"
118,特願2017-025065,特開2018-132884,"2017/02/14
 2018/08/23
 -",判定装置、判定方法および判定プログラム,富士通株式会社,"G05B19/418@Z 
 B25J19/06 
 G06N99/00,153"
119,特願2017-024927,特開2018-132870,"2017/02/14
 2018/08/23
 -",識別装置,オムロン株式会社,"G06N99/00,153 
 G06N3/08"
120,特願2017-024137,特開2018-132821,"2017/02/13
 2018/08/23
 -",情報処理装置、情報処理システム、端末装置、プログラム及び情報処理方法,シャープ株式会社,"G06F17/30,170@B 
 G06F17/30,350@C 
 G06F17/30,380@E"
121,特願2017-023891,特開2018-132802,"2017/02/13
 2018/08/23
 -",学習装置、属性推定装置、学習方法、属性推定方法及びプログラム,東京電力ホールディングス株式会社,G06Q50/10
122,特願2017-028245,特開2018-132501,"2017/02/17
 2018/08/23
 -",電磁波検出装置、フローサイトメーター、電磁波検出方法及び電磁波検出プログラム,国立大学法人 東京大学 他,"G01N21/45@Z 
 G01N15/14@D"
123,特願2017-023993,特開2018-132318,"2017/02/13
 2018/08/23
 -",バッテリ残量アラーム装置、数値制御装置および工作機械システム,ファナック株式会社,"G01R19/165@M 
 G01R31/36@A 
 G05B19/18@X 
 他"
124,特願2017-027230,特開2018-131110,"2017/02/16
 2018/08/23
 -",推定装置、推定方法、及び推定プログラム,パナソニックＩＰマネジメント株式会社,"B60R16/02,630@Z 
 G06T1/00,340@B 
 G06F3/01,570"
125,特願2017-026152,特開2018-130798,"2017/02/15
 2018/08/23
 -",数値制御装置,ファナック株式会社,"B23Q15/12@Z 
 B23Q17/00@A 
 B23B1/00@N 
 他"
126,特願2018-023026,特開2018-130541,"2018/02/13
 2018/08/23
 -",融合アプローチを用いた人の冠動脈疾患の検出のための方法およびシステム,タタ コンサルタンシー サービシズ リミテッド,"A61B5/02@B 
 A61B10/00@K"
127,特願2017-025509,特開2018-130264,"2017/02/15
 2018/08/23
 -",動態解析システム,コニカミノルタ株式会社,"A61B6/00,330@A 
 A61B5/08 
 A61B6/00,370"
128,特願2017-024424,特開2018-130183,"2017/02/13
 2018/08/23
 -",遊技用代用貨幣トレイ、テーブルゲームの管理システム、遊技用代用貨幣トレイシステム、及び遊技用代用貨幣管理方法,エンゼルプレイングカード株式会社,"A63F13/80@F 
 A63F11/00@Z 
 A63F9/00,512@Z 
 他"
129,特願2017-027099,特開2018-130082,"2017/02/16
 2018/08/23
 -",食品製品の提供方法及び商品の提供方法,株式会社すなおネット,A23L5/00@Z
130,特願2017-025009,特開2018-130046,"2017/02/14
 2018/08/23
 -",食品製品の提供方法,株式会社すなおネット,"A23L5/00@Z 
 G06Q30/06,330 
 G06Q50/04"
131,特願2017-023668,特開2018-129009,"2017/02/10
 2018/08/16
 -",画像合成装置、画像合成方法及びコンピュータプログラム,日本電信電話株式会社,"G06T13/40 
 H04N5/265 
 G06T7/00,350@B"
132,特願2017-023666,特開2018-129007,"2017/02/10
 2018/08/16
 -",学習データ生成装置、学習装置、推定装置、学習データ生成方法及びコンピュータプログラム,日本電信電話株式会社,"G06T7/00,350@B 
 G06T19/00@A"
133,特願2017-022515,特開2018-128933,"2017/02/09
 2018/08/16
 -",診断支援装置、診断支援方法および診断支援プログラム,株式会社ジェイマックシステム,"G06Q50/24 
 A61B5/00@G"
134,特願2017-021821,特開2018-128883,"2017/02/09
 2018/08/16
 -",情報処理装置、方法およびプログラム,株式会社 ＶＡＳＩＬＹ 他,"G06Q30/06,322"
135,特願2017-022247,特開2018-128602,"2017/02/09
 2018/08/16
 -",暗号化データベース管理装置、暗号化データベース管理方法、暗号化データベース管理プログラムおよび暗号化データベース管理システム,日本電気株式会社,"G09C1/00,660@D 
 G06F21/60,320 
 G06F17/30,120@A 
 他"
136,特願2017-021609,特開2018-128576,"2017/02/08
 2018/08/16
 -",用件判定装置、用件判定方法およびプログラム,日本電信電話株式会社,"G10L15/10,500@T 
 G10L15/22,300@Z 
 G10L15/06,400@Z 
 他"
137,特願2017-021606,特開2018-128575,"2017/02/08
 2018/08/16
 -",話し終わり判定装置、話し終わり判定方法およびプログラム,日本電信電話株式会社,"G10L15/10,500@Z 
 G10L15/22,300@Z 
 G10L15/06,300@Z 
 他"
138,特願2017-020337,特開2018-128529,"2017/02/07
 2018/08/16
 -",表示制御システム、表示制御方法、及び、プログラム,株式会社Ｌｙｒｉｃ Ａｒｔｓ,"G10K15/04,302@D 
 G10K15/02"
139,特願2017-019468,特開2018-126802,"2017/02/06
 2018/08/16
 -",ワークの取り出し動作を改善するワーク取り出し装置およびワーク取り出し方法,ファナック株式会社,B25J13/08@A
140,特願2017-019314,特開2018-126799,"2017/02/06
 2018/08/16
 -",制御装置、ロボットおよびロボットシステム,セイコーエプソン株式会社,B25J13/08@A
141,特願2017-019313,特開2018-126798,"2017/02/06
 2018/08/16
 -",制御装置、ロボットおよびロボットシステム,セイコーエプソン株式会社,B25J13/08@Z
142,特願2017-019312,特開2018-126797,"2017/02/06
 2018/08/16
 -",制御装置、ロボットおよびロボットシステム,セイコーエプソン株式会社,B25J13/08@A
143,特願2017-019311,特開2018-126796,"2017/02/06
 2018/08/16
 -",制御装置、ロボットおよびロボットシステム,セイコーエプソン株式会社,B25J9/10@A
144,特願2018-059679,特開2018-125019,"2018/03/27
 2018/08/09
 -",画像処理装置及び画像処理方法,エルピクセル株式会社,"G06T7/00,350@B 
 G06T7/00,250"
145,特願2017-207450,特開2018-124982,"2017/10/26
 2018/08/09
 -",制御装置および制御方法,パナソニック インテレクチュアル プロパティ コーポレーション オブ アメリカ,G05B13/02@L
146,特願2017-183113,特開2018-124972,"2017/09/25
 2018/08/09
 -",ワンショット学習を通じた群衆解析,ゼネラル・エレクトリック・カンパニイ,"G06T7/20,300@B 
 G08B25/00,510@M 
 G06T7/00,350@B"
147,特願2017-019074,特開2018-124939,"2017/02/03
 2018/08/09
 -",画像合成装置、画像合成方法、及び画像合成プログラム,日本電信電話株式会社,"G06T1/00,315 
 G06T19/00@A"
148,特願2017-018649,特開2018-124913,"2017/02/03
 2018/08/09
 -",医療機器監視システム,学校法人 埼玉医科大学 他,G06Q50/22
149,特願2017-014335,特開2018-124639,"2017/01/30
 2018/08/09
 -",データ分析システム、データ分析方法およびプログラム,日本電気株式会社,"G06N5/04 
 G06N99/00,153"
150,特願2017-014021,特開2018-124617,"2017/01/30
 2018/08/09
 -",教師データ収集装置、教師データ収集方法、及びプログラム,三菱重工業株式会社,"G06F17/30,210@D 
 G06F17/30,350@C 
 G06N99/00,153 
 他"
151,特願2017-016581,特開2018-124425,"2017/02/01
 2018/08/09
 -",音声対話装置及び音声対話方法,トヨタ自動車株式会社 他,"G10L13/10,114 
 G10L15/22,300@Z 
 G10L15/10,500@Z 
 他"
152,特願2017-015256,特開2018-123998,"2017/01/31
 2018/08/09
 -",空気調和システム,ダイキン工業株式会社,"F24F11/02,103@D 
 F24F11/02,103@C 
 F24F11/49 
 他"
153,特願2017-016355,特開2018-121885,"2017/01/31
 2018/08/09
 -",画像処理装置、画像処理システム、および画像処理プログラム,株式会社ニデック,"A61B3/10@R 
 A61B3/14@M 
 G06T1/00,290@B 
 他"
154,特願2017-016301,特開2018-121567,"2017/01/31
 2018/08/09
 -",機械学習装置、分類装置並びに方法及びプログラム,株式会社ＬＳＩメディエンス,"C12M1/34@D 
 C12Q1/02 
 G06N99/00,153 
 他"
155,特願2017-012208,特開2018-120470,"2017/01/26
 2018/08/02
 -",通信システム、分散計算システム、ノード、情報共有方法及びプログラム,日本電気株式会社,"G06F15/173,660@B 
 G06N99/00,150 
 G06F9/46,465@C 
 他"
156,特願2017-010723,特開2018-120373,"2017/01/24
 2018/08/02
 -",産業機器用の画像認識装置及び画像認識方法,株式会社安川電機,"G06T7/00,350@C"
157,特願2017-010598,特開2018-120357,"2017/01/24
 2018/08/02
 -",数値制御装置及び機械学習装置,ファナック株式会社,"G05B19/4155@V 
 G05B19/416@E"
158,特願2017-010351,特開2018-120342,"2017/01/24
 2018/08/02
 -",生産計画立案装置、及び生産計画立案方法,株式会社日立製作所,"G06Q50/04 
 G05B19/418@Z"
159,特願2017-013485,特開2018-119924,"2017/01/27
 2018/08/02
 -",診断装置,オークマ株式会社,"G01M99/00@Z 
 G01H11/08"
160,特願2017-011017,特開2018-118343,"2017/01/25
 2018/08/02
 -",ハンドリングシステム及びコントローラ,株式会社安川電機,B25J13/08@A
161,特願2018-003066,特開2018-118040,"2018/01/12
 2018/08/02
 -",ゲームサービス提供方法、ゲームサービス提供装置、コンピュータプログラム及び記録媒体,ＬＩＮＥ株式会社,"A63F13/75 
 A63F13/79 
 A63F13/73 
 他"
162,特願2017-200211,特開2018-117338,"2017/10/16
 2018/07/26
 -",ライブ・ビデオ・フィードにおける自動的なオブジェクトおよびアクティビティの追跡,ザ・ボーイング・カンパニー,"H04N7/18@D 
 G06T7/00,350@C"
163,特願2017-238604,特開2018-116693,"2017/12/13
 2018/07/26
 -",動作に関する予測推論のモデルを求めるシステム及び方法、およびこれらのための非一時的コンピューター可読記憶媒体,三菱電機株式会社,"G06Q10/04 
 G01M99/00@Z 
 G06N99/00,153 
 他"
164,特願2017-007757,特開2018-116566,"2017/01/19
 2018/07/26
 -",会計処理システム、会計処理方法及び会計処理プログラム,株式会社マネーフォワード,"G06Q40/00,420"
165,特願2017-005786,特開2018-116391,"2017/01/17
 2018/07/26
 -",画像処理システム、画像処理方法及び画像処理プログラム,みずほ情報総研株式会社 他,"G06T7/00,350@B"
166,特願2017-004791,特開2018-116324,"2017/01/16
 2018/07/26
 -",フレーズテーブル生成装置およびプログラム,国立研究開発法人情報通信研究機構,"G06F17/28,618 
 G06F17/27,635"
167,特願2018-003036,特開2018-116054,"2018/01/12
 2018/07/26
 -",触覚センサ、触覚測定装置、学習済みモデル、および識別装置,国立大学法人 香川大学,"G01B5/28,102 
 G01L5/16 
 G01N19/02@C"
168,特願2017-121686,特許6364530,"2017/06/21
 2018/07/25
 2018/07/06",建設機械用機械学習装置および建設機械,大成建設株式会社,"E02F9/20@Q 
 E02F9/20@N 
 E02D3/046 
 他"
169,特願2018-516869,特許6362240,"2018/03/27
 2018/07/25
 2018/07/06",物流システム及び物流方法,株式会社イサナ,"B65G61/00,544 
 B65G67/02 
 G06Q10/08"
170,特願2017-001456,特開2018-113517,"2017/01/06
 2018/07/19
 -",被写体を自動撮影する撮影装置,株式会社バサイ,"H04N5/225@F 
 G03B17/00@Q"
171,特願2017-142215,特開2018-113014,"2017/07/21
 2018/07/19
 -",機械学習に基づくコンテキストアウェアなリダイレクションのためのシステムおよび方法、提供プログラム,富士ゼロックス株式会社,G06Q10/06
172,特願2017-002929,特開2018-112900,"2017/01/11
 2018/07/19
 -",ユーザの運転特性に基づいて行動を予測するプログラム、車両端末、携帯端末、推定サーバ及び方法,ＫＤＤＩ株式会社,"G06Q30/02 
 G01C21/26@A 
 G06Q30/02,398"
173,特願2017-002359,特開2018-112852,"2017/01/11
 2018/07/19
 -",故障予知方法、故障予知装置および故障予知プログラム,安川情報システム株式会社,G05B23/02@R
174,特願2017-001951,特開2018-111145,"2017/01/10
 2018/07/19
 -",工作機械の機械学習装置および熱変位補正装置,ファナック株式会社,"B23Q15/18 
 G05B19/404@K 
 G05B19/4155@V"
175,特願2017-001842,特開2018-111143,"2017/01/10
 2018/07/19
 2018/08/31",教示装置への衝撃を学習する機械学習装置、教示装置の衝撃抑制システムおよび機械学習方法,ファナック株式会社,"B25J13/02 
 G05B19/18@W 
 G05B19/42@Z 
 他"
176,特願2017-004205,特開2018-111082,"2017/01/13
 2018/07/19
 -",区分システム、認識支援装置、認識支援方法、および認識支援プログラム,株式会社東芝 他,"B07C3/18 
 B07C3/14 
 G06K9/00@H 
 他"
177,特願2017-066348,特許6360583,"2017/03/29
 2018/07/18
 2018/06/29",建設機械用機械学習装置、建設機械および建設機械用機械学習方法,大成建設株式会社,"E01C19/28 
 G05D1/02@W 
 E01C19/23"
178,特願2017-071054,特許6359716,"2017/03/31
 2018/07/18
 2018/06/29",分散型コンピューティングにおける低速タスクの診断,インテル コーポレイション,"G06N5/02,150 
 G06N99/00,150 
 G06F11/34,104 
 他"
179,特願2017-254556,特開2018-109996,"2017/12/28
 2018/07/12
 -",継続的学習のためのデータメタスケーリング装置及び方法,韓國電子通信研究院,"G06N99/00,150 
 G06F17/18@Z 
 G06N5/02,120"
180,特願2017-000733,特開2018-109906,"2017/01/05
 2018/07/12
 -",画像データ作成プログラム、画像データ作成装置および画像データ作成方法,住友電気工業株式会社,"G06N99/00,153 
 G06F17/30,210@D 
 G06T7/00,350@B 
 他"
181,特願2017-000329,特開2018-109883,"2017/01/05
 2018/07/12
 -",ジョブ実行制御装置、ジョブ実行制御方法およびプログラム,株式会社東芝 他,"G06F11/32,170 
 G06F11/07,166"
182,特願2017-000316,特開2018-109882,"2017/01/05
 2018/07/12
 -",動作解析装置、動作解析方法およびプログラム,株式会社東芝,"G06N99/00,153 
 G09B19/00@G 
 G09B19/00@Z"
183,特願2017-000112,特開2018-109862,"2017/01/04
 2018/07/12
 -",句構造解析装置およびプログラム,国立研究開発法人情報通信研究機構,"G06F17/27,610 
 G06N3/08"
184,特願2016-256585,特開2018-109099,"2016/12/28
 2018/07/12
 -",香料組成構築システム,花王株式会社,"C11B9/00@Z 
 A61L9/01@Q"
185,特願2016-255290,特開2018-107759,"2016/12/28
 2018/07/05
 -",画像処理装置、画像処理方法、及び画像処理システム,ソニーセミコンダクタソリューションズ株式会社,"H04N5/232@Z 
 G06T3/40,710 
 H04N5/335,430 
 他"
186,特願2016-253198,特開2018-107315,"2016/12/27
 2018/07/05
 -",プリント板組立作業のための機械学習装置、制御装置、産業機械、組立システム及び機械学習方法,ファナック株式会社,"H05K13/04@Z 
 G05B19/4155@V 
 G05B19/404@K 
 他"
187,特願2016-249465,特開2018-106832,"2016/12/22
 2018/07/05
 -",荷電粒子ビーム装置、及び制御方法,株式会社日立ハイテクサイエンス,H01J37/24
188,特願2016-254406,特開2018-106561,"2016/12/27
 2018/07/05
 -",熱交換システム、コントローラ、及び、ニューラルネットワークの構築方法,株式会社大気社,"G05B13/02@L 
 F24F11/02@Z 
 G05D23/00 
 他"
189,特願2016-252628,特開2018-106453,"2016/12/27
 2018/07/05
 -",情報処理装置、情報処理方法、プログラム、情報処理システム、及び通信端末,ＫＤＤＩ株式会社,"G06F17/16@Z 
 G06T7/00,350@B"
190,特願2016-251899,特開2018-106417,"2016/12/26
 2018/07/05
 -",数値制御装置及び機械学習装置,ファナック株式会社,G05B19/4155@V
191,特願2016-251221,特開2018-106379,"2016/12/26
 2018/07/05
 2018/10/05",学習モデル構築装置およびオーバーヒート予知装置,ファナック株式会社,"G05B19/4155@V 
 G05B19/19@K 
 G05B19/416@F"
192,特願2016-249292,特開2018-106249,"2016/12/22
 2018/07/05
 -",情報処理装置、情報処理方法、及びプログラム,キヤノン株式会社,"G06T7/20@C 
 G06T1/00,280 
 G06F3/0481 
 他"
193,特願2016-248938,特開2018-105623,"2016/12/22
 2018/07/05
 -",信号処理装置、信号処理方法および信号処理プログラム,三菱電機株式会社,"G01S13/90,191"
194,特願2016-254407,特開2018-105571,"2016/12/27
 2018/07/05
 -",熱交換システム、コントローラ、及び、ニューラルネットワークの構築方法,株式会社大気社,"F25B1/00,304@F 
 F25B1/00,101@E 
 F25B1/00,361@P 
 他"
195,特願2016-252578,特開2018-104142,"2016/12/27
 2018/07/05
 -",エレベータドアロック確認システム、エレベータドアロック確認方法およびエレベータドアロック確認用カメラシステム,株式会社日立ビルシステム,"B66B5/02@X 
 B66B5/00@G 
 B66B13/14@Z"
196,特願2016-251868,特開2018-103309,"2016/12/26
 2018/07/05
 -",組付動作を学習する機械学習装置および部品組付システム,ファナック株式会社,"B25J13/08@Z 
 B23P21/00,307@Z"
197,特願2016-247446,特開2018-101926,"2016/12/21
 2018/06/28
 -",ネットワーク装置および異常検知システム,アラクサラネットワークス株式会社,"H04L12/70,100@Z"
198,特願2017-153964,特開2018-101399,"2017/08/09
 2018/06/28
 -",機械学習集団行列因子分解フレームワークを使った作業者適性の予測,富士通株式会社,"G06N99/00,180 
 G06Q10/06,302"
199,特願2016-248263,特開2018-101357,"2016/12/21
 2018/06/28
 -",利用者の成りすまし検出装置、機械学習装置、数値制御装置、生産システム、及び機械学習方法,ファナック株式会社,"G05B19/18@X 
 G05B19/418@Z 
 G06F21/31,360 
 他"
200,特願2016-248257,特開2018-101355,"2016/12/21
 2018/06/28
 -",パスワード不要のユーザ認証装置,ファナック株式会社,"G05B19/18@X 
 G06F3/023,310@K 
 G06F3/023,310@J 
 他"
201,特願2016-246962,特開2018-101290,"2016/12/20
 2018/06/28
 -",監視サーバ及び発電設備評価システム,ソーラー・リノベーション株式会社,"G06Q50/06 
 G05B23/02@V 
 H02S50/00 
 他"
202,特願2016-248316,特開2018-099452,"2016/12/21
 2018/06/28
 -",選択支援装置、選択支援システムおよび選択支援方法,ブリヂストンスポーツ株式会社,"A63B69/36,541@P 
 A63B69/36,541@W"
203,特願2017-199915,特許6347028,"2017/10/13
 2018/06/27
 2018/06/08",アップサンプル装置、コンピュータプログラム、コンピュータシステム、機器、及びアップサンプル方法,株式会社ツバサファクトリー,"G06T3/40,730 
 G06N3/08 
 G06F17/10@D 
 他"
204,特願2017-240589,特開2018-099025,"2017/12/15
 2018/06/21
 -",交流電動機の始動と運転のための装置及び方法,日本油圧工業株式会社,"H02P1/28 
 H02P23/00 
 H02P23/20"
205,特願2017-154198,特開2018-098767,"2017/08/09
 2018/06/21
 -",自動学習ユニバーサルゲートウェイ,富士通株式会社,"H04L12/66@Z 
 G06N99/00,150"
206,特願2017-131440,特開2018-098761,"2017/07/04
 2018/06/21
 -",信号処理装置,国立大学法人 筑波大学,"H04R1/10,104@Z 
 A61B5/10,350 
 A61B5/10,310@J 
 他"
207,特願2017-153959,特開2018-097846,"2017/08/09
 2018/06/21
 -",ＡＰＩ学習,富士通株式会社,"G06F9/06,620@K 
 G06F17/27,685 
 G06F8/30 
 他"
208,特願2017-113195,特開2018-097839,"2017/06/08
 2018/06/21
 -",制御装置、制御プログラムおよび制御方法,オムロン株式会社,"G05B23/02,302@Z"
209,特願2016-244714,特開2018-097810,"2016/12/16
 2018/06/21
 -",ロボットおよびレーザスキャナの動作を学習する機械学習装置，ロボットシステムおよび機械学習方法,ファナック株式会社,"G05B19/4155@V 
 B25J13/00@Z 
 B23K26/08@H 
 他"
210,特願2016-243357,特開2018-097723,"2016/12/15
 2018/06/21
 2018/08/17",ＮＡＮＤフラッシュメモリの寿命を予測する機械学習装置、寿命予測装置、数値制御装置、生産システム、及び機械学習方法,ファナック株式会社,"G06F12/16,310@A 
 G05B19/418@Z 
 G06F12/16,330@D 
 他"
211,特願2016-242572,特開2018-097680,"2016/12/14
 2018/06/21
 -",制御システム及び機械学習装置,ファナック株式会社,"G05B19/19@P 
 G05B13/02@L"
212,特願2016-242441,特開2018-097671,"2016/12/14
 2018/06/21
 -",サービス構築装置、サービス構築方法及びサービス構築プログラム,株式会社グルーヴノーツ,"G06N99/00,150 
 G06Q10/06,302"
213,特願2016-242304,特開2018-097663,"2016/12/14
 2018/06/21
 -",制御システム、制御プログラムおよび制御方法,オムロン株式会社,"G05B9/03 
 G05B23/02,302@R"
214,特願2016-242303,特開2018-097662,"2016/12/14
 2018/06/21
 -",制御装置、制御プログラムおよび制御方法,オムロン株式会社,"G05B23/02,302@Z 
 G05B19/05@D"
215,特願2016-241680,特開2018-097616,"2016/12/13
 2018/06/21
 2018/08/17",数値制御装置及び機械学習装置,ファナック株式会社,"G05B19/18@X 
 G05B23/02,302@S 
 G05B19/4155@V"
216,特願2016-241355,特開2018-096834,"2016/12/13
 2018/06/21
 -",データ処理装置、データ処理方法、プログラム、および電子機器,ソニーセミコンダクタソリューションズ株式会社,"G01N21/27@A 
 G01J3/51"
217,特願2016-242580,特開2018-094686,"2016/12/14
 2018/06/21
 -",工作機械における工具のビビり発生の予兆を検知する機械学習装置、ＣＮＣ装置および機械学習方法,ファナック株式会社,"B23Q15/12@A 
 B23Q17/12 
 B23Q17/00@A 
 他"
218,特願2018-041555,特許6347022,"2018/03/08
 2018/06/20
 2018/06/01",機械学習装置、予測システム、及び、プログラム,葉山 毅,"G06Q40/00 
 G06F19/24 
 G06Q10/06,328 
 他"
219,特願2016-237066,特開2018-093432,"2016/12/06
 2018/06/14
 -",判定システム、判定方法、及びプログラム,エヌ・ティ・ティ・コムウェア株式会社,"H04L12/70,100@Z 
 H04L12/28,200@M"
220,特願2017-114940,特開2018-092578,"2017/06/12
 2018/06/14
 -",サイバーブーリング防止のための方法、モバイル電子デバイス、及び非一時的なコンピュータ可読媒体,富士通株式会社,G06Q50/20
221,特願2017-101329,特開2018-092576,"2017/05/23
 2018/06/14
 2018/09/21",離散最適化のための帰納論理プログラミング強化ディープビリーフネットワーク・モデルのトレーニング,タタ コンサルタンシー サービシズ リミテッド,"G06N99/00,156 
 G06N5/02,150 
 G06N3/04,145"
222,特願2016-236383,特開2018-092453,"2016/12/06
 2018/06/14
 -",学習装置、学習方法およびプログラム,日本電気株式会社 他,"G06N99/00,153"
223,特願2016-235976,特開2018-092428,"2016/12/05
 2018/06/14
 2018/06/01",工作機械及び機械学習装置,ファナック株式会社,"G05B19/4061 
 B23Q11/00@D 
 B23Q17/00@D 
 他"
224,特願2016-234822,特開2018-092349,"2016/12/02
 2018/06/14
 -",削減条件特定方法、削減条件特定プログラム及び削減条件特定装置,富士通株式会社,"G06F17/30,415 
 G06F17/30,210@D"
225,特願2016-234794,特開2018-092347,"2016/12/02
 2018/06/14
 -",情報処理装置、情報処理方法及びプログラム,国立大学法人 東京大学,"G06N5/02,120 
 G06F17/30,220@Z"
226,特願2016-234186,特開2018-091685,"2016/12/01
 2018/06/14
 -",検査装置および検査方法,国立研究開発法人産業技術総合研究所,"G01N29/04 
 G01N29/12 
 G01N29/36"
227,特願2016-233960,特開2018-089065,"2016/12/01
 2018/06/14
 -",Ｘ線透視装置,株式会社島津製作所 他,"A61B6/00,370 
 A61N5/10@H 
 A61B6/03,377"
228,特願2018-513022,特許6343412,"2017/03/30
 2018/06/13
 2018/05/25",地図連動センサ情報表示システム、地図連動センサ情報表示方法およびプログラム,株式会社オプティム,"G01D7/06 
 G01D21/02"
229,特願2017-519948,特許6342583,"2017/04/12
 2018/06/13
 2018/05/25",自動仕訳装置、会計処理装置、会計処理システム、会計処理方法、及び会計処理プログラム,ファーストアカウンティング株式会社,"G06Q40/00,420 
 G06Q40/00,400"
230,特願2016-230507,特開2018-088602,"2016/11/28
 2018/06/07
 -",ＡＩ学習による経路制御手法、サーバ装置及び経路制御プログラム,国立大学法人東北大学 他,"H04L12/721@Z 
 H04L12/717"
231,特願2017-108335,特開2018-088227,"2017/05/31
 2018/06/07
 -",総合評価支援装置、総合評価支援方法、および、総合評価支援装置用のプログラム,大日本印刷株式会社,"G06Q30/02,300 
 G06Q30/02,382"
232,特願2016-232280,特開2018-088223,"2016/11/30
 2018/06/07
 -",情報処理装置、情報処理方法、プログラム,キヤノンＩＴソリューションズ株式会社 他,"G06T7/00,350@B 
 A01G7/00,603"
233,特願2016-231698,特開2018-088179,"2016/11/29
 2018/06/07
 -",ファンの故障予測を学習する機械学習器、機械学習器を含む装置および機械学習方法,ファナック株式会社,G05B23/02@R
234,特願2016-231534,特開2018-088157,"2016/11/29
 2018/06/07
 -",検知認識システム,日立マクセル株式会社 他,"G06T7/00,350@B 
 G06N99/00,150 
 H04N7/18@D 
 他"
235,特願2016-231678,特開2018-086711,"2016/11/29
 2018/06/07
 -",レーザ加工ロボットの加工順序を学習する機械学習装置、ロボットシステムおよび機械学習方法,ファナック株式会社,"B25J13/00@Z 
 G05B19/4155@V 
 B23K26/00@P 
 他"
236,特願2016-245834,特許6339655,"2016/12/19
 2018/06/06
 2018/05/18",光源ユニットの光学部品の調芯手順を学習する機械学習装置および光源ユニット製造装置,ファナック株式会社,"G02B6/42 
 H01S5/00 
 G05B19/418@Z"
237,特願2017-231718,特許6339285,"2017/12/01
 2018/06/06
 2018/05/18",サービス提供システム,ジャパンモード株式会社,"G06Q50/10 
 G06F13/00,510@C 
 G06F3/0484,120 
 他"
238,特願2017-040640,特許6337229,"2017/03/03
 2018/06/06
 2018/05/18",ユーザの業務状況を管理するための方法、プログラム及び情報処理装置,株式会社フィラメント,"G06Q10/10,340 
 G06Q10/06,332 
 G06Q10/06"
239,特願2017-122042,特許6337183,"2017/06/22
 2018/06/06
 2018/05/11",テキスト抽出装置、コメント投稿装置、コメント投稿支援装置、再生端末および文脈ベクトル計算装置,株式会社ドワンゴ,"G06F17/30,350@C 
 G06F17/30,170@A 
 G06F13/00,560@A"
240,特願2018-513902,特許6336693,"2016/12/09
 2018/06/06
 2018/05/11",水上侵入検知システムおよびその方法,株式会社日立国際電気,"G01V8/10@S 
 G08B13/196 
 G06T7/00,350@B"
241,特願2016-229249,特開2018-085697,"2016/11/25
 2018/05/31
 -",エージェント対話システム、エージェント装置、サーバ装置、エージェント対話方法、及びプログラム,エヌ・ティ・ティ・コムウェア株式会社,"H04M3/436 
 G10L15/00,200@A 
 G10L15/10,500@Z 
 他"
242,特願2018-005245,特開2018-085136,"2018/01/17
 2018/05/31
 -",人工知能を有するシステム,株式会社ＳＥＬＴＥＣＨ,"G06F21/50 
 G06F21/74 
 G06N99/00,150 
 他"
243,特願2017-235744,特開2018-085117,"2017/12/08
 2018/05/31
 -",サービスとしての効率的なデータ圧縮及び分析,アマゾン・テクノロジーズ・インコーポレーテッド,"G06F12/00,511@A 
 G06F17/30,220@Z"
244,特願2016-229250,特開2018-085053,"2016/11/25
 2018/05/31
 -",エージェント対話システム、エージェント装置、サーバ装置、エージェント対話方法、及びプログラム,エヌ・ティ・ティ・コムウェア株式会社,"G06F13/00,650@B 
 G06F3/16,650 
 G06F3/16,690 
 他"
245,特願2016-227589,特開2018-084953,"2016/11/24
 2018/05/31
 -",情報解析装置、情報解析システム、情報解析方法、および情報解析プログラム,ヤフー株式会社,"G06F21/55 
 G06F17/30,120@Z 
 G06F17/30,210@D 
 他"
246,特願2016-227583,特開2018-084952,"2016/11/24
 2018/05/31
 -",自動翻訳パターン学習装置、自動翻訳の前処理装置、及びコンピュータプログラム,国立研究開発法人情報通信研究機構,"G06F17/28,627"
247,特願2016-226254,特開2018-083238,"2016/11/21
 2018/05/31
 2018/10/05",数値制御装置,ファナック株式会社,"B23Q15/00@J 
 G05B19/18@C 
 G05B19/18@X"
248,特願2017-212246,特開2018-081684,"2017/10/17
 2018/05/24
 -",人工知能超深層学習モデルの構築方法、人工知能超深層学習装置、人工知能超深層学習モデルが搭載された汎用モバイル端末装置、及び人工知能超深層学習モデルのプログラム,顧 澤蒼,"G06N3/04 
 G06N99/00,156 
 G06N3/04,136 
 他"
249,特願2016-225250,特開2018-081631,"2016/11/18
 2018/05/24
 -",遠隔遊び支援システム、心的状態・性格推定システム、遊び推定システム、方法およびプログラム,国立大学法人電気通信大学,"G06N5/04 
 G06F17/30,220@Z 
 G06F17/30,340@A 
 他"
250,特願2016-224081,特開2018-081549,"2016/11/17
 2018/05/24
 -",モデル作成装置、端末装置、危険箇所発見システム及びプログラム,清水建設株式会社,"G06Q50/08 
 G08B21/24"
251,特願2016-222007,特開2018-081394,"2016/11/15
 2018/05/24
 -",情報処理装置、情報処理方法、およびプログラム,ヤフー株式会社,"G06F17/30,380@E 
 G06F17/30,170@A 
 G06F17/27,665"
252,特願2016-221735,特開2018-081378,"2016/11/14
 2018/05/24
 -",画像処理装置、撮像装置、画像処理方法および画像処理プログラム,キヤノン株式会社,"G06T1/00,315 
 G01B11/00@H 
 H04N5/232@H 
 他"
253,特願2016-222465,特開2018-079011,"2016/11/15
 2018/05/24
 -",Ｘ線透視方法およびＸ線透視装置,株式会社島津製作所 他,"A61B6/00,350@C 
 A61B6/00,350@D"
254,特願2016-222464,特開2018-079010,"2016/11/15
 2018/05/24
 -",Ｘ線透視装置及びＸ線透視方法,株式会社島津製作所 他,"A61B6/00,350@D 
 A61B6/00,320@Z"
255,特願2016-222310,特開2018-079000,"2016/11/15
 2018/05/24
 -",超音波診断装置、及び画像処理装置,株式会社日立製作所,A61B8/14
256,特願2017-149969,特許6330092,"2017/08/02
 2018/05/23
 2018/04/27",機械学習用教師データ生成装置及び生成方法,株式会社ディジタルメディアプロフェッショナル,"G06T7/00,350@B 
 G06N99/00,153"
257,特願2017-005444,特許6329651,"2017/01/16
 2018/05/23
 2018/04/27",画像処理装置及び画像処理方法,エルピクセル株式会社,"G06T7/00,350@B"
258,特願2018-005244,特許6329333,"2018/01/17
 2018/05/23
 2018/04/27",人工知能を有するシステム,株式会社ＳＥＬＴＥＣＨ,"G06N99/00,150 
 G06F21/74 
 G06F21/53"
259,特願2018-053802,特許6327777,"2018/03/22
 2018/05/23
 2018/04/27",分類情報生成装置、分類情報生成方法、およびプログラム,株式会社ＺＡＩＺＥＮ,"G10L15/10,500@Z 
 G10L15/10,500@N 
 G10L25/63"
260,特願2017-061711,特許6327541,"2017/03/27
 2018/05/23
 2018/04/27",モータ制御システム、モータ制御装置、モータ制御方法、及び状態推定装置,株式会社安川電機,H02P29/024
261,特願2018-017163,特開2018-078654,"2018/02/02
 2018/05/17
 -",ビデオを最適化するためのシステムおよび方法,グーグル エルエルシー,"H04N21/845 
 G06F17/30,170@D 
 G06F17/30,340@C 
 他"
262,特願2016-218523,特開2018-078431,"2016/11/09
 2018/05/17
 -",オブジェクト追跡装置及びそのプログラム,日本放送協会,"H04N5/225@Z 
 H04N5/91@L 
 H04N5/232@Z 
 他"
263,特願2016-220749,特開2018-077779,"2016/11/11
 2018/05/17
 2018/07/27",センサインタフェース装置、測定情報通信システム、測定情報通信方法、及び測定情報通信プログラム,ファナック株式会社,"G08C15/00@E 
 G08C15/06@H 
 G06N99/00,150"
264,特願2016-219770,特開2018-077718,"2016/11/10
 2018/05/17
 -",情報処理システム、情報処理方法、およびプログラム,キヤノン株式会社,"G06F19/00,130 
 G06Q50/10"
265,特願2016-219727,特開2018-077712,"2016/11/10
 2018/05/17
 -",情報処理装置及び情報処理プログラム,株式会社ＮＴＴドコモ,"G06F17/30,220@Z 
 G06F17/30,170@B"
266,特願2016-217945,特開2018-077615,"2016/11/08
 2018/05/17
 -",広告画像生成装置、広告画像生成方法、広告画像生成装置用プログラム,株式会社ＡｐｐＲｅＳｅａｒｃｈ,"G06Q30/02,444 
 G06T1/00,200@A 
 G06Q30/02,382"
267,特願2016-217636,特開2018-077595,"2016/11/07
 2018/05/17
 -",設計支援プログラム、設計支援方法、および情報処理装置,富士通株式会社,"G06F17/50,656@A 
 G06F17/50,658@U 
 G06F17/50,658@T 
 他"
268,特願2016-218837,特開2018-077337,"2016/11/09
 2018/05/17
 -",撮像装置および方法並びに撮像制御プログラム,富士フイルム株式会社,"G02B21/36 
 G02B21/14"
269,特願2017-217991,特開2018-075378,"2017/11/13
 2018/05/17
 -",肺の健康を監視するシステム及び方法,タタ コンサルタンシー サービシズ リミテッド,"A61B5/08,200"
270,特願2017-167989,特開2018-075357,"2017/08/31
 2018/05/17
 -",着座姿勢判定装置、椅子、着座姿勢判定方法、プログラム,株式会社岡村製作所 他,"A47C7/62@Z 
 G01B5/00@U 
 G01B5/24 
 他"
271,特願2017-163056,特開2018-075356,"2017/08/28
 2018/05/17
 -",Ｘ線透視装置およびＸ線透視方法,株式会社島津製作所 他,"A61B6/00,370 
 A61N5/10@M 
 A61N5/10@P 
 他"
272,特願2017-205479,特開2018-073417,"2017/10/24
 2018/05/10
 -",プロセスデバイス状態及び性能監視,フィッシャー－ローズマウント システムズ，インコーポレイテッド,G05B23/02@Z
273,特願2016-216529,特開2018-073363,"2016/11/04
 2018/05/10
 -",車両稼働データ収集装置、車両稼働データ収集システムおよび車両稼働データ収集方法,株式会社日立製作所,"G08G1/00@D 
 G01M17/00@H 
 G07C5/00@Z 
 他"
274,特願2016-214519,特開2018-073243,"2016/11/01
 2018/05/10
 -",情報処理システム、情報処理装置、及び設定方法,株式会社リコー,"G06F13/00,500@A 
 B41J29/38@Z 
 G06F13/00,357@A 
 他"
275,特願2016-212284,特開2018-073136,"2016/10/28
 2018/05/10
 -",機械学習装置及び加工時間予測装置,ファナック株式会社,"G05B19/4155@V 
 B23Q15/00@B 
 B23Q17/09@A 
 他"
276,特願2016-208826,特開2018-072940,"2016/10/25
 2018/05/10
 -",情報処理装置、情報処理方法およびプログラム,株式会社リコー,"G08G1/16@C 
 G06T1/00,330@A 
 G06T7/00,650@A"
277,特願2016-207914,特開2018-072884,"2016/10/24
 2018/05/10
 -",情報処理装置、情報処理方法およびプログラム,株式会社リコー,"G06T1/00,330@A 
 G08G1/16@C 
 G06T7/00,100@C 
 他"
278,特願2016-207696,特開2018-072876,"2016/10/24
 2018/05/10
 -",感情推定システム、感情推定モデル生成システム,富士ゼロックス株式会社,G06N5/04
279,特願2016-213897,特開2018-072650,"2016/10/31
 2018/05/10
 -",音声対話装置及び音声対話方法,トヨタ自動車株式会社 他,"G10L15/22,300@U 
 G10L15/10,500@T"
280,特願2017-204770,特開2018-072337,"2017/10/23
 2018/05/10
 -",主要有害心イベントの再発リスクの予測方法,国立研究開発法人国立循環器病研究センター 他,G01N33/68
281,特願2016-216748,特開2018-072304,"2016/11/04
 2018/05/10
 -",回転機診断システムおよび回転機診断方法,株式会社日立パワーソリューションズ,G01R31/34@D
282,特願2016-208812,特開2018-072029,"2016/10/25
 2018/05/10
 -",学習モデル構築装置、故障予測システム、学習モデル構築方法及び学習モデル構築プログラム,ファナック株式会社,"G01M99/00@Z 
 G01H17/00@Z 
 G06N99/00,153"
283,特願2016-215376,特開2018-069684,"2016/11/02
 2018/05/10
 -",情報処理装置、情報処理システム、及び情報処理方法,株式会社リコー,"B41J29/38@Z 
 H04N1/00@C 
 H04N1/00@J 
 他"
284,特願2016-214511,特開2018-069653,"2016/11/01
 2018/05/10
 -",情報処理装置、情報処理システム、情報処理方法及び情報処理プログラム,株式会社リコー,"B41J29/42@F 
 B41J29/38@Z 
 H04N1/00@C 
 他"
285,特願2016-214384,特開2018-069409,"2016/11/01
 2018/05/10
 -",ワイヤ放電加工機,ファナック株式会社,"B23H7/02@R 
 B23Q15/18 
 B23H7/10@B 
 他"
286,特願2016-214383,特開2018-069408,"2016/11/01
 2018/05/10
 2018/08/10",ワイヤ放電加工機,ファナック株式会社,"B23H7/02@R 
 B23Q15/18 
 B23H7/10@B 
 他"
287,特願2016-213482,特開2018-068752,"2016/10/31
 2018/05/10
 -",機械学習装置、機械学習方法及びプログラム,株式会社ＬＳＩメディエンス 他,A61B5/00@G
288,特願2016-210313,特開2018-068548,"2016/10/27
 2018/05/10
 -",対話制御システム,富士ゼロックス株式会社,"A61B5/16 
 A61B5/00@G 
 G06N99/00,150"
289,特願2016-210027,特開2018-068516,"2016/10/26
 2018/05/10
 -",運動動作評価システム,国立大学法人名古屋大学,"A63B69/00@C 
 A63B69/00@A 
 A63B69/00,504@A 
 他"
290,特願2017-554102,特許6320649,"2017/03/31
 2018/05/09
 2018/04/13",機械学習装置及び画像認識装置,三菱電機株式会社,"G06T7/00,350@C 
 G06F17/30,170@B 
 G06F17/30,210@A"
291,特願2017-171002,特開2018-067302,"2017/09/06
 2018/04/26
 -",ソフトウェアサービス実行装置、システム、及び方法,富士通株式会社,"G06F9/06,650@Z 
 G06F9/06,650@A 
 G06F9/445,130"
292,特願2016-207222,特開2018-067266,"2016/10/21
 2018/04/26
 -",疾病の発症リスク又は再発リスクを予測するためのプログラム,富士レビオ株式会社,"G06Q50/22 
 G06F19/00,100 
 G06N99/00,150"
293,特願2016-204893,特開2018-067125,"2016/10/19
 2018/04/26
 -",読み推定装置及びプログラム,日本放送協会,"G06F17/24,610"
294,特願2016-205481,特開2018-065221,"2016/10/19
 2018/04/26
 -",機械学習により外力の検出精度を向上させた人協調ロボットシステム,ファナック株式会社,B25J13/08@Z
295,特願2016-204538,特開2018-065211,"2016/10/18
 2018/04/26
 -",工作機械の加工プログラムの設定値を学習する機械学習装置および加工システム,ファナック株式会社,"B23Q15/18 
 G05B19/4155@V 
 G06N3/08 
 他"
296,特願2016-205233,特開2018-065171,"2016/10/19
 2018/04/26
 -",配管内移動ロボットによる施工システムおよび施工方法,三菱日立パワーシステムズ株式会社,"B23K26/03 
 E02B1/00,301@Z 
 G01B11/24@B 
 他"
297,特願2017-042890,特開2018-064263,"2017/03/07
 2018/04/19
 -",画像処理装置、画像処理方法、及びプログラム,キヤノン株式会社,"H04N1/46@Z 
 B41J2/525 
 G06T1/00,510 
 他"
298,特願2017-131291,特開2018-063696,"2017/07/04
 2018/04/19
 -",ノン・ファクトイド型質問応答システム及び方法並びにそのためのコンピュータプログラム,国立研究開発法人情報通信研究機構,"G06F17/30,180@A 
 G06N3/04,127 
 G06N5/04 
 他"
299,特願2016-203118,特開2018-063680,"2016/10/14
 2018/04/19
 -",交通信号認識方法および交通信号認識装置,国立大学法人金沢大学,"G06T1/00,330@A 
 G08G1/09@D 
 G06T7/00,100@D 
 他"
300,特願2016-202757,特開2018-063656,"2016/10/14
 2018/04/19
 -",意思決定支援システムおよび意思決定支援方法,株式会社日立製作所,"G05B23/02@F 
 G06Q50/06"
301,特願2016-201330,特開2018-063561,"2016/10/12
 2018/04/19
 -",設計支援プログラム、設計支援方法、および情報処理装置,富士通株式会社,"G06F17/50,656@A 
 G06F17/50,604@D"
302,特願2016-201201,特開2018-063553,"2016/10/12
 2018/04/19
 -",識別情報付与システム、識別情報付与方法、及びそのプログラム,オムロン株式会社,"G06N99/00,150 
 G06N3/08"
303,特願2016-201072,特開2018-063545,"2016/10/12
 2018/04/19
 -",情報処理装置、情報処理方法、情報処理プログラム及び記録媒体,横河電機株式会社,"G05B23/02@G 
 G06Q50/04 
 G06N99/00,153"
304,特願2016-200840,特開2018-063528,"2016/10/12
 2018/04/19
 -",対象物の出荷時検査情報と稼働時アラーム情報の相関関係を学習する機械学習装置および機械学習方法,ファナック株式会社,"G05B19/418@Z 
 G06N99/00,156 
 H02K15/00"
305,特願2016-200147,特開2018-063484,"2016/10/11
 2018/04/19
 -",ユーザ評価予測システム、ユーザ評価予測方法及びプログラム,凸版印刷株式会社,"G06Q30/06,330"
306,特願2016-199732,特開2018-063463,"2016/10/11
 2018/04/19
 -",情報抽出装置、情報抽出方法及びプログラム,株式会社Ｓｐｅｃｔｅｅ,"G06F17/30,350@C 
 G06F17/30,170@A 
 G06F17/30,170@B 
 他"
307,特願2016-200378,特開2018-062016,"2016/10/11
 2018/04/19
 -",人の行動を学習してロボットを制御する制御装置、ロボットシステムおよび生産システム,ファナック株式会社,"B25J13/08@Z 
 G05B19/418@Z"
308,特願2018-011463,特開2018-061883,"2018/01/26
 2018/04/19
 -",血管形状及び生理学から血流特性を推定するシステム及び方法,ハートフロー， インコーポレイテッド,"A61B5/02,800@Z 
 A61B6/03,360@G 
 A61B5/026,140"
309,特願2017-215151,特許6311207,"2017/11/08
 2018/04/18
 2018/03/30",募集日から予定日までの募集残存日数に応じてユーザを検索する募集管理サーバ、端末、プログラム及び方法,株式会社Ｓｐｅｃｉａｌ Ｍｅｄｉｃｏ,"G06F17/30,170@Z 
 G06Q10/10,322 
 G06F17/30,340@B"
310,特願2017-040614,特開2018-060503,"2017/03/03
 2018/04/12
 -",機械学習結果の編集プログラム、機械学習結果の編集方法および情報処理装置,富士通株式会社,"G06F17/30,350@C 
 G06F17/30,210@D 
 G06N99/00,150"
311,特願2016-195731,特開2018-060273,"2016/10/03
 2018/04/12
 -",情報処理装置、情報処理方法、及びプログラム,エヌ・ティ・ティ レゾナント株式会社,"G06F17/30,350@C 
 G06F17/30,170@A 
 G06F17/30,180@A"
312,特願2017-186611,特開2018-059926,"2017/09/27
 2018/04/12
 -",分子計測法およびそれを用いた分子計測装置,国立大学法人山梨大学,"G01N33/536@Z 
 G01N33/483@C"
313,特願2016-198717,特開2018-058178,"2016/10/07
 2018/04/12
 -",機械学習部を備えた作業補助システム,ファナック株式会社,"B25J13/08@A 
 G05B19/418@Z 
 B25J13/00@Z"
314,特願2017-162056,特許6308708,"2017/08/25
 2018/04/11
 2018/03/23",特許要件適否予測装置および特許要件適否予測プログラム,白井 和之,"G06F17/30,210@D 
 G06F17/30,170@Z 
 G06F17/30,350@C 
 他"
315,特願2017-067305,特許6308706,"2017/03/30
 2018/04/11
 2018/03/23",特許要件適否予測装置および特許要件適否予測プログラム,白井 和之,"G06F17/30,210@D 
 G06F17/30,170@A 
 G06F17/30,210@A 
 他"
316,特願2017-103129,特許6307680,"2017/05/24
 2018/04/11
 2018/03/23",植物の健康診断システム,株式会社グリーンプラネット・バイオテック 他,"A01G7/00,603 
 G06Q50/02 
 G01N21/27@A"
317,特願2016-194632,特開2018-055638,"2016/09/30
 2018/04/05
 -",判定装置,株式会社ＮＴＴドコモ,"G06Q50/10 
 G01C21/28 
 G06Q30/06 
 他"
318,特願2016-193905,特開2018-055591,"2016/09/30
 2018/04/05
 -",情報処理装置、情報処理方法およびプログラム,株式会社リコー,"G06T7/00,100@C 
 G06T1/00,330@A 
 G08G1/09@D 
 他"
319,特願2016-193675,特開2018-055580,"2016/09/30
 2018/04/05
 -",機械学習プログラム、機械学習方法、および機械学習装置,富士通株式会社,G06N3/08
320,特願2016-191015,特開2018-055422,"2016/09/29
 2018/04/05
 -",情報処理システム、情報処理装置、情報処理方法、及びプログラム,株式会社東芝 他,"G06F17/28,681 
 G06F3/16,650 
 G06F3/16,690 
 他"
321,特願2016-190217,特開2018-055376,"2016/09/28
 2018/04/05
 -",情報処理装置及びプログラム,富士ゼロックス株式会社,"G06F17/30,210@D 
 G06F17/30,170@A"
322,特願2016-189484,特開2018-055333,"2016/09/28
 2018/04/05
 -",認知症判定得点算出装置及びそのプログラム,学校法人日本大学,"G06Q50/22 
 G01N33/48@Z 
 A61B10/00@H"
323,特願2016-187990,特開2018-055231,"2016/09/27
 2018/04/05
 -",生体認証装置,株式会社日立製作所,"G06T7/00,510@B 
 A61B5/10,361 
 G06T7/00,300@F 
 他"
324,特願2016-187953,特開2018-055224,"2016/09/27
 2018/04/05
 -",データ生成装置、方法、及びプログラム,日本電気株式会社,"G06F17/30,230@Z"
325,特願2016-187135,特開2018-055172,"2016/09/26
 2018/04/05
 -",エネルギー使用量監視装置、機器管理システム及びプログラム,三菱電機ビルテクノサービス株式会社,"G06Q50/06 
 F24F11/02@A 
 F24F11/02@P 
 他"
326,特願2016-186466,特開2018-055142,"2016/09/26
 2018/04/05
 -",シナリオパッセージ分類器、シナリオ分類器、及びそのためのコンピュータプログラム,国立研究開発法人情報通信研究機構,"G06F17/30,210@D 
 G06F17/30,170@A 
 G06F17/27,685"
327,特願2016-188910,特開2018-054765,"2016/09/27
 2018/04/05
 -",データ処理装置、データ処理方法、およびプログラム,日本電気株式会社,"G09C1/00,660@D 
 G06F21/60,320 
 G06N99/00,150"
328,特願2016-188857,特開2018-051664,"2016/09/27
 2018/04/05
 -",最適な物品把持経路を学習する機械学習装置、及び機械学習方法,ファナック株式会社,"B25J13/08@Z 
 B25J13/00@A"
329,特願2016-194227,特開2018-051223,"2016/09/30
 2018/04/05
 -",眼科装置、およびＩＯＬ度数決定プログラム,株式会社ニデック,A61B3/10@R
330,特願2017-157680,特許6306786,"2017/08/17
 2018/04/04
 2018/03/16",知的財産支援装置および知的財産支援方法並びに知的財産支援プログラム,株式会社ゴールドアイピー,"G06Q50/18,310 
 G06F17/30,170@Z 
 G06F17/30,210@A 
 他"
331,特願2016-182847,特開2018-049052,"2016/09/20
 2018/03/29
 -",仮想楽器演奏プログラム、仮想楽器演奏装置および仮想楽器演奏方法,ヤフー株式会社,"G10H1/00@Z 
 G10G1/00 
 G10H1/18@Z 
 他"
332,特願2016-185776,特開2018-048967,"2016/09/23
 2018/03/29
 -",測位用地磁気マップの作成方法、位置測定方法、外的要因ノイズ測定方法及び測位用地磁気マップの作成システム,日本電気通信システム株式会社,"G01C21/28 
 G01C21/08"
333,特願2016-184602,特開2018-047035,"2016/09/21
 2018/03/29
 -",医療支援方法および医療支援装置,学校法人自治医科大学,"A61B5/05,380 
 A61B6/03,360@Q 
 A61B5/05,390 
 他"
334,特願2017-120278,特開2018-045679,"2017/06/20
 2018/03/22
 -",携帯端末を用いた察知エージェントシステム、察知エージェントシステムにおける機械学習方法、及びこれを実施するためのプログラム,公立大学法人会津大学,"G06N3/08 
 H04L9/00,641"
335,特願2016-182279,特開2018-045649,"2016/09/16
 2018/03/22
 -",判定装置、判定方法および判定プログラム,ヤフー株式会社,"G06Q40/02,300 
 G06Q50/00,300 
 G06Q40/02"
336,特願2016-181754,特開2018-045592,"2016/09/16
 2018/03/22
 -",ラベル付与装置、ラベル付与方法及びラベル付与プログラム,ＫＤＤＩ株式会社,"G06F3/0488 
 G06F17/30,220@B 
 G06F17/30,310@Z 
 他"
337,特願2016-181414,特開2018-045559,"2016/09/16
 2018/03/22
 -",情報処理装置、情報処理方法およびプログラム,富士通株式会社,"G06N99/00,153 
 G06F17/30,210@A 
 G06F17/30,210@D 
 他"
338,特願2016-180222,特開2018-045483,"2016/09/15
 2018/03/22
 2018/10/19",識別情報付与システム、識別情報付与装置、識別情報付与方法及びプログラム,オムロン株式会社,"G06N99/00,150"
339,特願2016-178741,特開2018-045381,"2016/09/13
 2018/03/22
 -",対話フロー制御装置、対話フロー制御方法およびプログラム,株式会社東芝,"G06F3/0484 
 G06F17/27,685"
340,特願2016-178469,特開2018-045359,"2016/09/13
 2018/03/22
 -",画像処理装置及び画像処理プログラム,富士ゼロックス株式会社,"G06T7/00,350@B 
 G06N99/00,150"
341,特願2016-177399,特開2018-044774,"2016/09/12
 2018/03/22
 -",振動発生体の状態を推定するシステム、装置、プログラム及び方法,マイクロコントロールシステムズ株式会社,"G01H17/00@Z 
 A61B5/02,350"
342,特願2016-182233,特開2018-043338,"2016/09/16
 2018/03/22
 -",ロボットの動作プログラムを学習する機械学習装置，ロボットシステムおよび機械学習方法,ファナック株式会社,"B25J9/22@A 
 G05B19/4155@V 
 B25J13/08@A"
343,特願2016-180742,特開2018-042812,"2016/09/15
 2018/03/22
 -",健康管理システム及びそのプログラム,東芝情報システム株式会社,"A61B5/00@D 
 A61B5/00,101@A 
 A61B5/00,102@C"
344,特願2016-180741,特開2018-042811,"2016/09/15
 2018/03/22
 -",健康管理システム及びそのプログラム,東芝情報システム株式会社,"A61B5/00,101@A 
 A61B5/00@D 
 A61B5/00,102@C 
 他"
345,特願2017-108040,特許6298562,"2017/05/31
 2018/03/20
 2018/03/02",状態監視装置、状態監視方法及びプログラム,伸和コントロールズ株式会社,"G05B23/02,302@R 
 F24F11/02,105@Z 
 F24F11/02,103@A 
 他"
346,特願2016-194818,特開2018-042226,"2016/09/11
 2018/03/15
 -",クラウドによるデバイス創成システム,大橋 正,"H04L12/70,100@Z 
 G06F13/00,530@A"
347,特願2017-170947,特開2018-041460,"2017/09/06
 2018/03/15
 -",感情状態検出に基づいて電子デバイス上で推奨を提供するためのシステム及び方法,ソニー株式会社,"G06F3/01,510 
 G06F13/00,510@G 
 G06F13/00,540@A 
 他"
348,特願2017-081415,特開2018-041434,"2017/04/17
 2018/03/15
 2018/08/31",診断支援装置、及び診断支援装置における画像処理方法、並びにプログラム,カシオ計算機株式会社,"G06T7/00,614 
 A61B5/00@M 
 G06T1/00,290@Z 
 他"
349,特願2016-175389,特開2018-041300,"2016/09/08
 2018/03/15
 -",機械学習用モデル生成装置及びプログラム。,富士ゼロックス株式会社,"G06F17/30,210@D 
 G06F17/30,220@Z 
 G06F17/30,350@C 
 他"
350,特願2016-173761,特開2018-041208,"2016/09/06
 2018/03/15
 -",数値制御装置,ファナック株式会社,G05B19/4155@V
351,特願2016-173017,特開2018-041160,"2016/09/05
 2018/03/15
 -",文脈解析装置及びそのためのコンピュータプログラム,国立研究開発法人情報通信研究機構,"G06F17/27,685 
 G06F17/30,350@C 
 G06F17/30,170@A 
 他"
352,特願2017-051861,特許6294529,"2017/03/16
 2018/03/14
 2018/02/23",ひび割れ検出処理装置、およびひび割れ検出処理プログラム,株式会社ニチゾウテック 他,"G06T7/00,610@B 
 G06T1/00,300 
 G06T1/00,330@A 
 他"
353,特願2017-026282,特許6294524,"2017/02/15
 2018/03/14
 2018/02/23",画像処理方法、及びコンピュータプログラム,ソフネック株式会社,"G06T7/00,100@D 
 H04N1/40@D 
 H04N1/46@C 
 他"
354,特願2017-161680,特開2018-037078,"2017/08/24
 2018/03/08
 -",障害検出機能付き発電モニタリングシステム,伊達 博,"G06Q10/00,300 
 G08B31/00@A 
 G06Q50/06"
355,特願2017-144982,特開2018-037068,"2017/07/26
 2018/03/08
 -",サーバ装置、通信方法およびプログラム,株式会社ゴールドアイピー,"G06Q50/18,310 
 G06F13/00,650@B 
 G06Q10/10"
356,特願2016-167781,特開2018-036756,"2016/08/30
 2018/03/08
 -",メッセージ分類システム、メッセージ分類方法及びプログラム,株式会社ソニー・インタラクティブエンタテインメント,"G06F17/30,210@D 
 G06F13/00,620 
 G06Q50/00,300 
 他"
357,特願2016-167865,特開2018-034172,"2016/08/30
 2018/03/08
 -",溶接の状態を判定するスポット溶接装置,ファナック株式会社,"B23K11/24,336"
358,特願2016-164932,特開2018-032262,"2016/08/25
 2018/03/01
 -",セルコントロールシステム,ファナック株式会社,G05B19/418@Z
359,特願2016-162927,特開2018-031851,"2016/08/23
 2018/03/01
 -",談話機能推定装置及びそのためのコンピュータプログラム,株式会社国際電気通信基礎技術研究所,"G10L15/10,500@Z 
 G06F3/16,520 
 G06F3/01,510 
 他"
360,特願2016-162785,特開2018-030185,"2016/08/23
 2018/03/01
 -",人とロボットが協働して作業を行うロボットの動作を学習する機械学習器、ロボットシステムおよび機械学習方法,ファナック株式会社,"B25J13/08@Z 
 B25J11/00@Z 
 G06N99/00,150"
361,特願2016-166073,特開2018-029568,"2016/08/26
 2018/03/01
 -",萎れ具合予測システム及び萎れ具合予測方法,国立大学法人静岡大学,"A01G7/00,603"
362,特願2017-223317,特開2018-028945,"2017/11/21
 2018/02/22
 -",取引管理システム、取引管理方法及び取引管理プログラム,みずほ証券株式会社,G06Q40/06
363,特願2016-161211,特開2018-028848,"2016/08/19
 2018/02/22
 -",変換処理装置、音訳処理装置、およびプログラム,日本放送協会,"G06F17/28,618 
 G06N99/00,153 
 G06N3/08"
364,特願2016-160149,特開2018-028783,"2016/08/17
 2018/02/22
 -",システム状態可視化プログラム、システム状態可視化方法及びシステム状態可視化装置,富士通株式会社,"G06F11/32,110 
 G06F11/34,176 
 G06F11/30,140@A 
 他"
365,特願2017-151057,特開2018-027776,"2017/08/03
 2018/02/22
 -",運転者行動予測モデルの個人適合,トヨタ自動車株式会社,"B60W40/08 
 B60K28/02 
 B60W40/02 
 他"
366,特願2016-159901,特開2018-027581,"2016/08/17
 2018/02/22
 -",ピッキングシステム,株式会社安川電機,B25J13/08@A
367,特願2016-161579,特開2018-027273,"2016/08/19
 2018/02/22
 -",糖尿病網膜症の病期判定支援システムおよび糖尿病網膜症の病期の判定を支援する方法,学校法人自治医科大学,A61B3/14@M
368,特願2016-160847,特開2018-027242,"2016/08/18
 2018/02/22
 -",錠剤検知方法、錠剤検知装置および錠剤検知プログラム,安川情報システム株式会社,"A61J3/00,310@K 
 G06T7/00,350@B 
 G06T7/00,612"
369,特願2017-097643,特許6283138,"2017/05/16
 2018/02/21
 2018/02/02",広告システム,佐藤 伸介,"G06Q30/02,380 
 G06Q50/00,300"
370,特願2016-158758,特開2018-026050,"2016/08/12
 2018/02/15
 -",並列処理装置、ジョブ管理プログラムおよびジョブ管理方法,富士通株式会社,"G06F9/46,462@Z 
 G06F1/32@B 
 G06N99/00,153 
 他"
371,特願2016-156729,特開2018-025932,"2016/08/09
 2018/02/15
 -",センサと機械学習部を備えた作業管理システム,ファナック株式会社,"G05B19/418@Z 
 G06N99/00,150"
372,特願2017-071334,特開2018-025747,"2017/03/31
 2018/02/15
 -",対話行為推定方法、対話行為推定装置およびプログラム,パナソニックＩＰマネジメント株式会社,"G10L15/10,500@T 
 G06N99/00,153 
 G10L15/16"
373,特願2016-156773,特開2018-025450,"2016/08/09
 2018/02/15
 -",軸受診断装置,オークマ株式会社,G01M13/04
374,特願2016-157278,特開2018-024055,"2016/08/10
 2018/02/15
 -",工作機械の工具の異常検知装置及び方法,三菱重工工作機械株式会社,"B23Q17/09@A 
 G05B23/02@V"
375,特願2017-008789,特許6280997,"2017/01/20
 2018/02/14
 2018/01/26",疾患の罹患判定装置、疾患の罹患判定方法、疾患の特徴抽出装置及び疾患の特徴抽出方法,株式会社Ｐｒｅｆｅｒｒｅｄ Ｎｅｔｗｏｒｋｓ,"G06F19/24 
 G01N33/50@P 
 C12M1/34@B 
 他"
376,特願2017-180828,特開2018-022511,"2017/09/21
 2018/02/08
 2018/07/27",ＰＡＲＡＤＩＧＭ薬剤反応ネットワーク,ファイヴ３ ゲノミクス，エルエルシー,"G06F19/12 
 G06F19/24"
377,特願2016-153847,特開2018-022382,"2016/08/04
 2018/02/08
 -",Ｗｅｂサイト棚卸システム,株式会社野村総合研究所,"G06F17/30,350@C 
 G06F17/30,170@G"
378,特願2016-153661,特開2018-022371,"2016/08/04
 2018/02/08
 -",メンテナンス方法、メンテナンスシステム及びプログラム,日本電信電話株式会社,"G06Q10/00,300 
 G01H3/00@A 
 G05B23/02,302@Z 
 他"
379,特願2016-152282,特開2018-022290,"2016/08/02
 2018/02/08
 -",情報処理装置及びプログラム,富士ゼロックス株式会社,"G06F17/30,210@D 
 G06F17/30,350@C"
380,特願2016-151948,特開2018-022269,"2016/08/02
 2018/02/08
 -",自動翻訳システム、自動翻訳方法、およびプログラム,国立研究開発法人情報通信研究機構,"G06F17/28,654 
 G06F17/30,170@J 
 G06F17/30,350@C"
381,特願2016-151178,特開2018-022216,"2016/08/01
 2018/02/08
 -",情報処理装置、情報処理方法、及びプログラム,ソニー株式会社,"G06T1/00,295 
 C12Q1/04 
 G06T7/00,350@B 
 他"
382,特願2016-154186,特開2018-021402,"2016/08/05
 2018/02/08
 -",シールド掘削機操作分析システム、シールド掘削機操作分析方法およびプログラム,清水建設株式会社,"E21D9/06,302@Z"
383,特願2017-140280,特開2018-020107,"2017/07/19
 2018/02/08
 -",解析装置及び解析プログラム,東芝メディカルシステムズ株式会社,A61B8/08
384,特願2017-125723,特開2018-020103,"2017/06/28
 2018/02/08
 -",ゲーム管理システム,エンゼルプレイングカード株式会社,"A63F1/06@A 
 A63F9/24@Z 
 A63F1/06@Z 
 他"
385,特願2016-150768,特開2018-019376,"2016/07/29
 2018/02/01
 -",無線通信システム、基地局及び閾値制御方法,富士通株式会社,"H04W74/08 
 H04W48/06 
 H04W4/22 
 他"
386,特願2017-078379,特開2018-018504,"2017/04/11
 2018/02/01
 -",推奨生成方法、プログラム、及びサーバ装置,富士ゼロックス株式会社,"G06F17/30,340@A 
 G06F17/30,350@C 
 G06F13/00,540@P 
 他"
387,特願2016-191013,特開2018-018483,"2016/09/29
 2018/02/01
 2018/06/08",車線境界を検出する方法、装置、およびデバイス,東軟集団股▲分▼有限公司 他,"G06T7/60,200@J 
 B60R21/00,624@C 
 B60R21/00,624@F 
 他"
388,特願2016-150717,特開2018-018460,"2016/07/29
 2018/02/01
 -",データ処理方法、データ処理装置、及びプログラム,ＫＤＤＩ株式会社,"G06N99/00,153"
389,特願2016-150617,特開2018-018451,"2016/07/29
 2018/02/01
 -",機械学習方法、機械学習プログラム及び情報処理装置,富士通株式会社,G06N3/08
390,特願2016-147549,特開2018-018267,"2016/07/27
 2018/02/01
 -",ソフトウェア開発支援装置、ソフトウェア開発支援方法及びプログラム,株式会社 アイ・イー・テック 他,"G06F9/06,620@K 
 G06N99/00,150 
 G06F8/77"
391,特願2016-143431,特開2018-014838,"2016/07/21
 2018/01/25
 -",モータの電流指令を学習する機械学習器，モータ制御装置および機械学習方法,ファナック株式会社,"H02P29/00 
 G06N3/08,180 
 G06N99/00,150 
 他"
392,特願2017-121275,特開2018-014092,"2017/06/21
 2018/01/25
 -",機械部品の期待耐用年数の推定方法,リープヘル－ヴェルク ネンツィング ゲーエムベーハー,"G06Q10/00,300 
 B66C13/46@G"
393,特願2016-144923,特開2018-014060,"2016/07/22
 2018/01/25
 -",機械学習モデル構築装置、数値制御装置、機械学習モデル構築方法、機械学習モデル構築プログラム、及び記録媒体,ファナック株式会社,"G06N3/02 
 G05B19/4155@V"
394,特願2016-144880,特開2018-014058,"2016/07/22
 2018/01/25
 -",医療情報処理システム、医療情報処理装置及び医療情報処理方法,株式会社トプコン,"G06Q50/22 
 G06N5/02,120"
395,特願2016-142581,特開2018-013922,"2016/07/20
 2018/01/25
 -",情報処理装置、情報処理プログラム及び情報処理方法,株式会社リコー,"G06F17/30,220@Z 
 G06Q10/10,320"
396,特願2017-141927,特開2018-011958,"2017/07/21
 2018/01/25
 -",医用画像処理装置及び医用画像処理プログラム,東芝メディカルシステムズ株式会社,"A61B6/03,360@D 
 G06T7/00,350@C 
 G06T7/00,614"
397,特願2016-142552,特開2018-011720,"2016/07/20
 2018/01/25
 -",ストレス判定装置、ストレス判定方法、及び、ストレス判定プログラム,日本電気株式会社,"A61B5/16 
 A61B5/02,710@B 
 A61B5/02,711@C 
 他"
398,特願2017-547585,特許6267840,"2016/11/30
 2018/01/24
 2018/01/05",コンピュータシステム、エッジデバイス制御方法及びプログラム,株式会社オプティム,"G06N99/00,153 
 G06F9/46,465@B 
 G06F9/50,150@B"
399,特願2017-545429,特許6267838,"2016/11/30
 2018/01/24
 2018/01/05",コンピュータシステム、エッジデバイス制御方法及びプログラム,株式会社オプティム,"G06N99/00,153 
 G06F9/46,465@B 
 G06F9/50,150@B"
400,特願2017-130209,特許6264495,"2017/07/03
 2018/01/24
 2018/01/05",運転者監視装置、運転者監視方法、学習装置及び学習方法,オムロン株式会社,"G08G1/16@A 
 G08G1/00@D 
 G06T7/00,350@C 
 他"
401,特願2017-130208,特許6264494,"2017/07/03
 2018/01/24
 2018/01/05",運転者監視装置、運転者監視方法、学習装置及び学習方法,オムロン株式会社,"G08G1/16@F 
 B60W40/08 
 G08G1/09@V 
 他"
402,特願2017-120586,特許6264492,"2017/06/20
 2018/01/24
 2018/01/05",運転者監視装置、運転者監視方法、学習装置及び学習方法,オムロン株式会社,"G06T7/00,350@C 
 G06T7/20,300@B 
 G06T7/00,660@A 
 他"
403,特願2017-520998,特許6263831,"2017/03/31
 2018/01/24
 2018/01/05",会計処理システム及び会計処理方法,ファーストアカウンティング株式会社,"G06Q40/00,400"
404,特願2016-139334,特開2018-010513,"2016/07/14
 2018/01/18
 -",情報処理システム、自動運用装置、運用端末、方法およびプログラム,日本電気株式会社,G08G5/00@A
405,特願2016-138672,特開2018-010475,"2016/07/13
 2018/01/18
 -",機械学習管理プログラム、機械学習管理装置および機械学習管理方法,富士通株式会社,"G06N99/00,150"
406,特願2017-116675,特開2018-008685,"2017/06/14
 2018/01/18
 -",航空機の重整備における構造体修理のための予測方法及びシステム,ザ・ボーイング・カンパニー,"B64F5/40 
 B64F5/60 
 G06Q10/00,300 
 他"
407,特願2016-138000,特開2018-007792,"2016/07/12
 2018/01/18
 -",表情認知診断支援装置,株式会社コンフォートビジョン研究所,"A61B10/00@H 
 A61B5/10,300@A 
 A61B5/107"
408,特願2017-511968,特許6261808,"2017/02/27
 2018/01/17
 2017/12/22",会計処理装置、会計処理システム、会計処理方法、及び会計処理プログラム,ファーストアカウンティング株式会社,"G06Q40/00,420 
 G06Q50/10"
409,特願2016-132798,特開2018-007078,"2016/07/04
 2018/01/11
 -",画像処理装置、撮像装置、画像処理方法及びプログラム,株式会社ニコン,"H04N5/232@Z 
 G03B13/36 
 G03B15/00@Q 
 他"
410,特願2017-196062,特開2018-005947,"2017/10/06
 2018/01/11
 -",複数の機械と相互通信を行う機械システム、機械制御用コンピュータ、ベースソフトウェア、コンピュータ読取可能な記録媒体、及び機械制御方法,ファナック株式会社,G05B19/418@Z
411,特願2016-141855,特開2018-005868,"2016/06/30
 2018/01/11
 -",フリック入力時の特徴を機械学習させて個人を識別する方法,宇田 隆哉,"G06F3/0488,160 
 G06F3/023,310@L 
 G06F3/023,460"
412,特願2016-132923,特開2018-005640,"2016/07/04
 2018/01/11
 -",分類器生成装置、画像検査装置、及び、プログラム,タカノ株式会社 他,"G06T7/00,350@C 
 G01N21/88@J 
 G06T7/00,610"
413,特願2016-132527,特開2018-005611,"2016/07/04
 2018/01/11
 -",情報処理装置,株式会社ＮＴＴドコモ,"G06F17/30,310@Z 
 G06T1/00,510 
 G06T7/00,350@B"
414,特願2016-130878,特開2018-005520,"2016/06/30
 2018/01/11
 -",物体検出装置及び物体検出方法,クラリオン株式会社,"G06T7/00,350@C 
 G06N3/04,154 
 G06T7/00,650"
415,特願2016-129997,特開2018-005462,"2016/06/30
 2018/01/11
 -",認識装置及び認識方法,株式会社日立ソリューションズ,"G06K9/20,340@K 
 G06K9/00@P 
 G06K9/20,340@C 
 他"
416,特願2016-129382,特開2018-005426,"2016/06/29
 2018/01/11
 -",メッセージ配信方法、情報処理装置、及びプログラム,ＬＩＮＥ株式会社,"G06Q30/02,396"
417,特願2016-128904,特開2018-004813,"2016/06/29
 2018/01/11
 -",コミュニケーション能力推定装置、方法およびプログラム,学校法人成蹊学園,"G10L15/10,500@Z 
 G06N99/00,153 
 G10L15/00,200@D"
418,特願2016-132529,特開2018-004473,"2016/07/04
 2018/01/11
 -",軸受の予測寿命を学習する機械学習装置、寿命予測装置および機械学習方法,ファナック株式会社,"G01M13/04 
 G06N99/00,150"
419,特願2016-130713,特開2018-004397,"2016/06/30
 2018/01/11
 -",機器電流解析装置、機器電流解析プログラム、及び機器電流管理装置,アルプスシステムインテグレーション株式会社,"G01R21/00@P 
 H02J13/00,301@A"
420,特願2016-126930,特開2018-001282,"2016/06/27
 2018/01/11
 -",稼働状況検知方法、稼働状況検知システムおよび稼働状況検知プログラム,安川情報システム株式会社,"B25D17/00 
 E02F9/20@N"
421,特願2016-127887,特開2018-001184,"2016/06/28
 2018/01/11
 -",溶接監視システム,株式会社日立製作所,"B23K11/25 
 B23K31/00@K 
 B23K11/25,510 
 他"
422,特願2016-136349,特開2018-000871,"2016/07/08
 2018/01/11
 -",生体の動作識別システム及び生体の動作識別方法,国立大学法人岩手大学,"A61B5/10,310@K 
 A61B5/04,330 
 A61B5/11,310"
423,特願2016-130063,特開2018-000428,"2016/06/30
 2018/01/11
 -",造影剤管理装置,東芝メディカルシステムズ株式会社,"A61J3/00,310@K 
 A61B6/03,375 
 G06Q50/24"
424,特願2016-126451,特開2018-000230,"2016/06/27
 2018/01/11
 -",逐次姿勢識別装置、逐次姿勢識別方法および逐次姿勢識別プログラム,エヌ・ティ・ティ アイティ株式会社 他,"A61B5/00,102@C 
 A61B5/04,312@Q 
 A61B5/10,300@D 
 他"
425,特願2017-558565,再表2018/008605,"2017/07/03
 2018/01/11
 2018/04/27",人工知能を有するシステム,株式会社ＳＥＬＴＥＣＨ,"G06F21/62,318 
 G06F11/30,140@C 
 G06F11/30,140@E 
 他"
426,特願2017-550946,特許6259962,"2017/03/30
 2018/01/10
 2017/12/15",遠隔作業支援システム、遠隔作業支援方法およびプログラム,株式会社オプティム,"G06F13/00,650@A"
427,特願2017-140890,特許6259946,"2017/07/20
 2018/01/10
 2017/12/15",機械学習システム、識別システム及びプログラム,株式会社ＮＴＴドコモ,"G06N3/08 
 G06F17/28,627"
428,特願2016-190043,特開2017-228266,"2016/09/28
 2017/12/28
 2018/06/29",スマート車両に用いられる局部軌跡計画方法及び装置,バイドゥ オンライン ネットワーク テクノロジー （ベイジン） カンパニー リミテッド,"G08G1/16@D 
 B60W30/10 
 G08G1/00@X"
429,特願2016-123674,特開2017-228086,"2016/06/22
 2017/12/28
 -",機械学習管理プログラム、機械学習管理方法、および機械学習管理装置,富士通株式会社,"G06N99/00,153 
 G06F12/08,543@B 
 G06F12/12,501 
 他"
430,特願2016-123405,特開2017-228068,"2016/06/22
 2017/12/28
 -",機械学習管理プログラム、機械学習管理方法および機械学習管理装置,富士通株式会社,"G06N99/00,153 
 G06F17/18@D"
431,特願2017-116554,特開2017-227892,"2017/06/14
 2017/12/28
 -",物理学ベースのエッチングプロファイルモデリングフレームワークを用いた高速エッジ配置誤差予測によるフォトレジスト設計レイアウトパターン近接効果補正,ラム リサーチ コーポレーション,"G03F1/36 
 H01L21/302,105@A"
432,特願2016-124617,特開2017-225688,"2016/06/23
 2017/12/28
 -",磁気共鳴イメージング装置、画像処理装置、及び拡散強調画像計算方法,株式会社日立製作所,"A61B5/05,382 
 G01N24/08,520@Y 
 A61B5/05,380 
 他"
433,特願2016-121737,特開2017-225489,"2016/06/20
 2017/12/28
 -",情報処理装置、情報処理方法及びプログラム,ソニー株式会社,"A61B5/05@C 
 A61B5/16"
434,特願2017-139641,特許6253838,"2017/07/19
 2017/12/27
 2017/12/08",行動ログ生成方法、行動ログ生成装置及び行動ログ生成プログラム,株式会社ＵＮＣＯＶＥＲ ＴＲＵＴＨ,"G06Q30/02,444 
 G06Q50/10"
435,特願2016-177109,特開2017-224264,"2016/09/09
 2017/12/21
 -",データ処理システム,富士ゼロックス株式会社,"G06F17/30,180@A 
 G06F17/30,415"
436,特願2016-121083,特開2017-224245,"2016/06/17
 2017/12/21
 -",機械学習制御プログラム、機械学習制御方法、および機械学習制御装置,富士通株式会社,"G06N99/00,150"
437,特願2016-119697,特開2017-224190,"2016/06/16
 2017/12/21
 -",コミュニケーションを支援する人工知能システム,株式会社オルツ,"G06Q50/00,300 
 G06F17/30,180@A 
 G06N3/00,140"
438,特願2016-119622,特開2017-224185,"2016/06/16
 2017/12/21
 -",バグ混入確率計算プログラム及びバグ混入確率計算方法,国立大学法人大阪大学 他,"G06F11/36,116 
 G06F19/00,100 
 G06F17/30,350@C 
 他"
439,特願2016-119599,特開2017-224184,"2016/06/16
 2017/12/21
 -",機械学習装置,株式会社日立製作所,"G06F17/30,210@D 
 G06T7/00,300@F 
 G06F17/30,170@B 
 他"
440,特願2016-117805,特開2017-224080,"2016/06/14
 2017/12/21
 -",学習用データ作成装置、その方法及びプログラム,株式会社エンルート 他,"G06T7/00,350@B 
 G06N99/00,150"
441,特願2016-118920,特開2017-223544,"2016/06/15
 2017/12/21
 -",目標識別装置,三菱電機株式会社,"G01S3/782@B 
 G06T7/00,350@B"
442,特願2016-232331,特開2017-220205,"2016/11/30
 2017/12/14
 -",検索クエリに応答してコンテンツとマッチングしようとする画像を動的にランキングする方法及びシステム,バイドゥ・ユーエスエイ・リミテッド・ライアビリティ・カンパニー,"G06F17/30,380@E 
 G06F17/30,220@C 
 G06F17/30,350@C"
443,特願2016-116599,特開2017-220179,"2016/06/10
 2017/12/14
 -",コンテンツ処理装置、コンテンツ処理方法及びプログラム,凸版印刷株式会社,"G06F17/27,665 
 G06F17/30,380@Z 
 G06F17/30,330@C 
 他"
444,特願2016-116547,特開2017-220176,"2016/06/10
 2017/12/14
 -",判定装置、判定方法、および判定プログラム,富士通株式会社,"G05B23/02,302@R 
 B25J19/06"
445,特願2016-115505,特開2017-220111,"2016/06/09
 2017/12/14
 -",異常負荷検出の閾値を学習する機械学習器，数値制御装置および機械学習方法,ファナック株式会社,"G05B19/18@X 
 B23Q17/09@H 
 G05B19/4155@V"
446,特願2016-112365,特開2017-219942,"2016/06/06
 2017/12/14
 -",接触検出装置、プロジェクタ装置、電子黒板装置、デジタルサイネージ装置、プロジェクタシステム、接触検出方法、プログラム及び記憶媒体。,株式会社リコー,"G06F3/041,590 
 G03B21/00@D 
 H04N5/74@Z 
 他"
447,特願2016-115568,特開2017-219479,"2016/06/09
 2017/12/14
 -",微小粒子計測装置及び分析方法,住友電気工業株式会社,"G01N21/49@Z 
 G01N33/48@M 
 G01N15/14@C 
 他"
448,特願2016-115900,特開2017-218105,"2016/06/10
 2017/12/14
 -",履帯式走行体,株式会社リコー,"B62D55/06 
 B60K7/00 
 B62D55/30@Z 
 他"
449,特願2016-110758,特開2017-215898,"2016/06/02
 2017/12/07
 -",機械学習システム,株式会社マーズスピリット,"G06N99/00,153"
450,特願2016-110288,特開2017-215861,"2016/06/01
 2017/12/07
 -",行動認識装置，学習装置，並びに方法およびプログラム,トヨタ自動車株式会社,"G06T7/20,300@A 
 G06T7/00,350@B 
 G06T7/00,650"
451,特願2016-109909,特開2017-215835,"2016/06/01
 2017/12/07
 -",ロボット評価装置及びロボット評価プログラム,富士ゼロックス株式会社,"G06N99/00,150"
452,特願2016-110146,特開2017-215520,"2016/06/01
 2017/12/07
 -",識別装置,株式会社ＮＴＴドコモ,"G10G3/04 
 G01H3/00@B"
453,特願2016-110740,特開2017-215277,"2016/06/02
 2017/12/07
 -",欠陥検査システム、フィルム製造装置及び欠陥検査方法,住友化学株式会社,G01N21/892@A
454,特願2016-107365,特開2017-215157,"2016/05/30
 2017/12/07
 -",情報処理装置、プログラム、転倒予測システム,株式会社リコー,"G01H1/00@E 
 G01V1/00@D 
 G06F19/00,100 
 他"
455,特願2016-189223,特開2017-211969,"2016/09/28
 2017/11/30
 -",位置情報を利用した行動分析システム及びそのプログラム,技研商事インターナショナル株式会社,G06Q50/10
456,特願2016-106428,特開2017-211930,"2016/05/27
 2017/11/30
 -",寿命故障条件を学習する機械学習装置，故障予知装置，機械システムおよび機械学習方法,ファナック株式会社,"G06N99/00,153 
 G05B23/02,302@Z 
 G06Q10/00,300"
457,特願2016-105885,特開2017-211898,"2016/05/27
 2017/11/30
 -",学習システム、特徴学習装置、その方法、及びプログラム,日本電信電話株式会社,"G06F21/31 
 G06N99/00,153 
 G06F21/45"
458,特願2016-104915,特開2017-211851,"2016/05/26
 2017/11/30
 -",コンテンツ配信システム、コンテンツ配信装置、コンテンツ配信方法、及びプログラム,日本電信電話株式会社,"G06F13/00,510@G 
 G09F19/00@Z 
 G06Q30/02,398"
459,特願2016-103437,特開2017-211765,"2016/05/24
 2017/11/30
 -",物体認識装置,アイシン精機株式会社,"G06T7/00,150 
 G06T1/00,330@B 
 H04N5/232@Z 
 他"
460,特願2016-102217,特開2017-211689,"2016/05/23
 2017/11/30
 -",分類モデル装置、分類モデル学習方法、および分類モデル学習プログラム,株式会社ツクタ技研,"G06F17/30,210@D 
 G06N99/00,153 
 G06F17/30,170@B 
 他"
461,特願2016-102066,特開2017-211682,"2016/05/23
 2017/11/30
 -",データ検索視点生成方法、設備管理装置およびそれを用いた設備管理システム,三菱電機株式会社,"G06F17/30,220@Z 
 G06Q10/00,300 
 G06F17/30,170@Z"
462,特願2016-104135,特開2017-211259,"2016/05/25
 2017/11/30
 -",検査装置、検査方法、及びプログラム,株式会社シーイーシー,"G01N21/88@J 
 G06T1/00,300 
 G06N99/00,153 
 他"
463,特願2017-046113,特許6236731,"2017/03/10
 2017/11/29
 2017/11/10",超解像度処理装置、超解像度処理方法およびコンピュータプログラム,株式会社ツバサファクトリー,"G06T3/40,730"
464,特願2016-098180,特開2017-208887,"2016/05/16
 2017/11/24
 -",デマンド要因分析システムおよびデマンド要因分析方法,学校法人中部大学 他,"H02J3/00,130 
 G01R21/00@Z 
 G06Q50/06"
465,特願2017-075064,特開2017-208078,"2017/04/05
 2017/11/24
 -",製造材料サプライチェーン途絶管理システム,ザ・ボーイング・カンパニー,"G05B19/418@Z 
 G06Q10/08,332 
 G06Q50/04"
466,特願2016-100128,特開2017-207939,"2016/05/19
 2017/11/24
 -",リスクベース認証装置、リスク判定モデル用学習データ生成装置、リスク判定モデル学習装置、リスク判定モデル用学習データ生成方法、リスク判定モデル学習方法、プログラム,日本電信電話株式会社,"G06F21/31 
 G06N99/00,153"
467,特願2016-099438,特開2017-207894,"2016/05/18
 2017/11/24
 -",統合監視運用システムおよび方法,株式会社日立システムズ,"G06F11/34,147 
 G06N99/00,153 
 G06F21/55 
 他"
468,特願2016-099394,特開2017-207891,"2016/05/18
 2017/11/24
 -",情報処理装置、情報処理システム、情報処理方法,ソニーモバイルコミュニケーションズ株式会社 他,"G06F3/01,510 
 G06F3/16,520 
 H04M1/00@U 
 他"
469,特願2016-099393,特開2017-207890,"2016/05/18
 2017/11/24
 -",情報処理装置、情報処理システム、情報処理方法,ソニーモバイルコミュニケーションズ株式会社 他,"G06F3/01,570 
 G06F3/01,510"
470,特願2017-165308,特開2017-205605,"2017/08/30
 2017/11/24
 -",血管形状及び生理学から血流特性を推定するシステム及び方法,ハートフロー， インコーポレイテッド,"A61B5/02,800@Z 
 A61B5/026,140"
471,特願2017-105667,特許6232607,"2017/05/29
 2017/11/22
 2017/11/02",特許要件適否予測装置および特許要件適否予測プログラム,白井 和之,"G06F17/30,350@C 
 G06F17/30,220@Z 
 G06F17/30,170@A 
 他"
472,特願2016-094600,特開2017-204067,"2016/05/10
 2017/11/16
 -",手話会話支援システム,株式会社オルツ,"G06T7/20,300@A 
 G09B21/04 
 G09B21/00@F"
473,特願2016-093841,特開2017-203637,"2016/05/09
 2017/11/16
 -",腫瘍細胞検出方法及び腫瘍細胞検出装置,公立大学法人和歌山県立医科大学 他,G01N21/359
474,特願2017-005712,特開2017-202820,"2017/01/17
 2017/11/16
 -",飛行イベント中の航空機のオンボード構造的負荷評価,ザ・ボーイング・カンパニー,"B64D45/00@Z 
 B64F5/40"
475,特願2016-092211,特開2017-201437,"2016/05/02
 2017/11/09
 -",ニュース素材抽出装置及びプログラム,日本放送協会,"G06F17/30,220@Z 
 G06N99/00,153 
 G06F17/30,170@A"
476,特願2017-020290,特開2017-200565,"2017/02/07
 2017/11/09
 -",動態解析装置及び動態解析システム,コニカミノルタ株式会社,"A61B6/00,330@A 
 A61B6/00,350@C"
477,特願2016-231170,特許6228656,"2016/11/29
 2017/11/08
 2017/10/20",医療機器監視システム,株式会社ダイトーマイテック 他,"G06Q50/22 
 H04Q9/00,311@H 
 H04Q9/00,301@B"
478,特願2017-516806,再表2018/066074,"2016/10/04
 2017/11/08
 2017/10/20",情報処理装置、情報処理方法及び情報処理プログラム,三菱電機株式会社,"G06F9/06,620@R 
 G06F17/50,654@Z 
 G06N99/00,150 
 他"
479,特願2016-090699,特開2017-200360,"2016/04/28
 2017/11/02
 -",太陽光発電量予測システム、太陽光発電量予測方法、プログラム,清水建設株式会社,"H02S50/00 
 G06Q50/06"
480,特願2016-087171,特開2017-199077,"2016/04/25
 2017/11/02
 -",複数台の産業機械を有する生産システムの動作を最適化するセルコントローラ,ファナック株式会社,"G05B19/042 
 G05B19/418@Z"
481,特願2016-089830,特開2017-196194,"2016/04/27
 2017/11/02
 -",睡眠状態解析支援装置、および、睡眠状態解析支援プログラム,国立大学法人大阪大学,A61B5/16
482,特願2018-513989,再表2017/187516,"2016/04/26
 2017/11/02
 -",情報処理システムおよびその運用方法,株式会社日立製作所,"G06N3/04,154 
 G06N3/08"
483,特願2016-238031,特許6224811,"2016/12/07
 2017/11/01
 2017/10/13",ルールセットを選択可能な推論エンジンを有するプログラム、装置及び方法,たけおかラボ株式会社,"G06N5/04 
 G06F17/30,170@A 
 G06F17/30,330@C 
 他"
484,特願2016-252936,特開2017-194949,"2016/12/27
 2017/10/26
 2018/03/09",対象物検出システム及び対象物検出方法,財団法人車輌研究測試中心,"G06T7/00,650 
 G06T7/00,350@B 
 G08G1/16@C"
485,特願2016-223844,特開2017-194945,"2016/11/17
 2017/10/26
 -",文字認識装置、方法およびプログラム,ＡＩ ｉｎｓｉｄｅ株式会社,"G06K9/62,650@A 
 G06K9/62,620@B"
486,特願2016-083068,特開2017-194747,"2016/04/18
 2017/10/26
 -",文字認識方法、文字認識装置及び文字認識プログラム,パナソニックＩＰマネジメント株式会社,G06K9/00@H
487,特願2018-513164,再表2017/183587,"2017/04/14
 2017/10/26
 2018/10/12",学習装置、学習方法および学習プログラム,日本電信電話株式会社,"G06N99/00,150 
 G06N7/00,150"
488,特願2016-082284,特開2017-191567,"2016/04/15
 2017/10/19
 -",生産計画を実施する生産システム,ファナック株式会社,"G05B19/418@Z 
 G06Q50/04"
489,特願2016-081072,特開2017-191490,"2016/04/14
 2017/10/19
 -",技能伝承システム及び方法,株式会社フジタ,"G06Q50/08 
 G09B5/02"
490,特願2016-081274,特開2017-191036,"2016/04/14
 2017/10/19
 -",ガス分析装置およびガス分析方法,富士通株式会社,"G01N27/12@C 
 G01N27/12@D"
491,特願2016-080649,特開2017-189394,"2016/04/13
 2017/10/19
 -",情報処理装置および情報処理システム,キヤノン株式会社,"A61B6/03,360@J"
492,特願2017-022902,特開2017-188083,"2017/02/10
 2017/10/12
 -",複数のデータストリームの相互関係,タレリス・グローバル・エルエルピー,"G06F17/30,220@Z 
 G06F17/27,680"
493,特願2016-076993,特開2017-187960,"2016/04/07
 2017/10/12
 -",情報処理装置,ソニーモバイルコミュニケーションズ株式会社,"G06F3/038,310@Y 
 G06F3/048 
 G06F3/01,510"
494,特願2016-074388,特開2017-187850,"2016/04/01
 2017/10/12
 -",画像処理システム、情報処理装置、プログラム,株式会社リコー,"G06T7/00,350@B 
 G06F17/30,170@B 
 G06F17/30,120@A 
 他"
495,特願2016-075476,特開2017-185577,"2016/04/04
 2017/10/12
 -",シミュレーション結果を利用して学習を行う機械学習装置，機械システム，製造システムおよび機械学習方法,ファナック株式会社,"B25J9/22@A 
 G05B19/4155@V 
 G06N99/00,150 
 他"
496,特願2016-075984,特開2017-185007,"2016/04/05
 2017/10/12
 -",放射線撮影装置、放射線画像の対象物検出プログラムおよび放射線画像における対象物検出方法,株式会社島津製作所,"A61B6/00,350@D 
 A61B6/12"
497,特願2017-055735,特開2017-182800,"2017/03/22
 2017/10/05
 2018/10/12",掴み検出の較正,フェイスブック，インク．,"G06F3/0487 
 G06N99/00,153 
 G06F3/01,510 
 他"
498,特願2016-069476,特開2017-182505,"2016/03/30
 2017/10/05
 -",プログラム及びサーバシステム,株式会社バンダイナムコエンターテインメント 他,"G06Q30/04 
 A63F13/2145 
 A63F13/792 
 他"
499,特願2016-067132,特開2017-182363,"2016/03/30
 2017/10/05
 -",情報処理装置、情報処理方法および情報処理プログラム,エコノミックインデックス株式会社,"G06Q30/02,300"
500,特願2016-066357,特開2017-182320,"2016/03/29
 2017/10/05
 -",機械学習装置,株式会社メガチップス,"G06N3/08,140"
501,特願2016-066356,特開2017-182319,"2016/03/29
 2017/10/05
 -",機械学習装置,株式会社メガチップス,"G06N3/08,120"
502,特願2016-063379,特開2017-182129,"2016/03/28
 2017/10/05
 -",情報処理装置。,ソニー株式会社,"G06N99/00,150 
 G06T13/60 
 G06T7/00,350@C 
 他"
503,特願2016-070354,特開2017-181353,"2016/03/31
 2017/10/05
 -",経路提示システム,日本電気株式会社,"G01C21/34 
 G09B29/10@A 
 G06F17/30,170@C 
 他"
504,特願2016-070595,特開2017-177297,"2016/03/31
 2017/10/05
 -",制御装置及び制御方法,ソニー株式会社,"B25J19/06 
 A61B90/50 
 B25J13/08@Z"
505,特願2016-067147,特開2017-176400,"2016/03/30
 2017/10/05
 -",動態解析装置、動態解析システム、動態解析方法及びプログラム,コニカミノルタ株式会社,"A61B6/00,330@A 
 A61B6/00,350@C"
506,特願2017-078682,特開2017-174437,"2017/04/12
 2017/09/28
 -",モバイルデバイス関連の親和性の度合い,フェイスブック，インク．,"G06Q50/00,300 
 H04M11/00,302 
 G06Q10/04"
507,特願2016-162604,特開2017-174375,"2016/08/23
 2017/09/28
 2018/06/22",リスク早期警報方法、装置、記憶媒体およびコンピュータプログラム,バイドゥ オンライン ネットワーク テクノロジー （ベイジン） カンパニー リミテッド,"G08B31/00@B 
 G06F19/00,100"
508,特願2016-060928,特開2017-174236,"2016/03/24
 2017/09/28
 2018/06/08",工作物の良否を判定する加工機械システム,ファナック株式会社,"G05B19/418@Z 
 G06Q50/04"
509,特願2016-058119,特開2017-174053,"2016/03/23
 2017/09/28
 -",配列データの集合演算装置、配列データの集合演算方法、その実行プログラム、その回路を組み込んだ半導体。,井上 克己,G06F17/16@Z
510,特願2016-057240,特開2017-173999,"2016/03/22
 2017/09/28
 -",ユーザの将来期間の生活パターンを予測する生活パターン予測装置、携帯端末、プログラム及び方法,ＫＤＤＩ株式会社,"G06F17/30,220@Z 
 G06F17/30,210@D 
 G06F17/30,310@Z"
511,特願2016-055422,特開2017-168057,"2016/03/18
 2017/09/21
 -",画像分類装置、画像分類システム及び画像分類方法,株式会社Ｓｐｅｃｔｅｅ,"G06F17/30,210@D 
 G06N3/04 
 G06T7/00,350@C 
 他"
512,特願2016-053038,特開2017-167854,"2016/03/16
 2017/09/21
 -",学習装置、方法、及びプログラム,株式会社東芝,"G06F17/27,670 
 G06N99/00,153 
 G06N5/02,150"
513,特願2016-052408,特開2017-167806,"2016/03/16
 2017/09/21
 -",関係可視化装置、方法およびプログラム,株式会社東芝,"G06F17/30,360@Z 
 G06F17/30,419@B"
514,特願2016-049326,特開2017-165502,"2016/03/14
 2017/09/21
 -",集品作業装置、集品作業方法および集品作業プログラム,日本電気株式会社,"B65G1/137@A 
 G06Q10/08,330"
515,特願2016-054190,特開2017-164801,"2016/03/17
 2017/09/21
 -",機械学習装置、レーザ加工システムおよび機械学習方法,ファナック株式会社,"B23K26/00@M 
 B23Q15/00,301@H 
 G05B19/4155@V 
 他"
516,特願2018-505181,再表2017/158812,"2016/03/18
 2017/09/21
 -",データ分類方法及びデータ分類装置,株式会社日立製作所,"G06F17/30,210@D 
 G06F17/30,220@Z"
517,特願2016-140306,特許6200041,"2016/07/15
 2017/09/20
 2017/09/01",店舗検索システムおよび方法,株式会社三井住友銀行 他,"G06Q40/02 
 G06Q50/10"
518,特願2016-048519,特開2017-163485,"2016/03/11
 2017/09/14
 -",光受信装置および光受信装置における光シンボルラベル識別法,国立大学法人名古屋大学,"H04B9/00,610 
 H04L27/00@G 
 H04B9/00,179 
 他"
519,特願2016-047324,特開2017-163036,"2016/03/10
 2017/09/14
 2018/06/29",機械学習装置、レーザ装置および機械学習方法,ファナック株式会社,H01S5/062
520,特願2016-069494,特開2017-162426,"2016/03/12
 2017/09/14
 2018/08/17",ファンクショナルスタンプを備えたウィザートシステム,セールスワン株式会社,"G06Q10/00 
 G06Q10/06"
521,特願2016-048624,特開2017-162387,"2016/03/11
 2017/09/14
 -",ネットワークシステム、機能設定方法および機能設定プログラム,オムロン株式会社,"G06F9/06,610@C 
 G06F9/445"
522,特願2016-046241,特開2017-162209,"2016/03/09
 2017/09/14
 -",分散処理実行管理プログラム、分散処理実行管理方法および分散処理実行管理装置,富士通株式会社,"G06F9/46,465@C 
 G06N99/00,150 
 G06F9/46,465@E 
 他"
523,特願2016-045646,特開2017-162159,"2016/03/09
 2017/09/14
 -",検索制御プログラム、検索制御装置及び検索制御方法,富士通株式会社,"G06F17/30,210@D 
 G06F17/30,180@A"
524,特願2017-075427,特開2017-159052,"2017/04/05
 2017/09/14
 2018/03/23",装着可能な装置,ヴァレンセル，インコーポレイテッド,"A61B5/02,310@B 
 A61B5/02,310@G 
 A61B5/02,710@P 
 他"
525,特願2017-021034,特開2017-159027,"2017/02/08
 2017/09/14
 -",超音波診断装置及び超音波診断支援装置,東芝メディカルシステムズ株式会社,A61B8/14
526,特願2016-045495,特開2017-158781,"2016/03/09
 2017/09/14
 -",画像表示制御装置および方法並びにプログラム,富士フイルム株式会社,"A61B6/03,360@D 
 A61B5/05,380 
 A61B6/03,370@E 
 他"
527,特願2018-503884,再表2017/154091,"2016/03/08
 2017/09/14
 -",回転機の診断装置及び診断方法,株式会社日立製作所,H02P29/024
528,特願2016-256941,特開2017-157197,"2016/12/28
 2017/09/07
 2017/10/20",複数の機械と相互通信を行う機械システム、機械制御用コンピュータ、ベースソフトウェア、コンピュータ読取可能な記録媒体、及び機械制御方法,ファナック株式会社,G05B19/418@Z
529,特願2016-038030,特開2017-156886,"2016/02/29
 2017/09/07
 -",画像間類似度を考慮して物体を追跡する装置、プログラム及び方法,ＫＤＤＩ株式会社,"G06T7/20@B 
 G06T7/00,350@C 
 G06T7/20"
530,特願2016-037563,特開2017-156854,"2016/02/29
 2017/09/07
 -",感情分類によって文脈意味の理解精度を高める発話意味分析プログラム、装置及び方法,ＫＤＤＩ株式会社,"G06F17/27,685 
 G10L15/10,500@N 
 G10L15/10,500@T"
531,特願2016-039298,特開2017-156517,"2016/03/01
 2017/09/07
 -",表示装置の欠陥モード分類システム,凸版印刷株式会社,"G02B5/20,101 
 G02F1/13,101 
 G09F9/00,338"
532,特願2016-041528,特開2017-153821,"2016/03/03
 2017/09/07
 -",情報端末装置の制御方法、体動測定装置、及び、プログラム,パナソニックＩＰマネジメント株式会社,"A61B5/10,310@A 
 A61B5/11"
533,特願2016-036438,特開2017-151933,"2016/02/26
 2017/08/31
 -",データ分類装置、データ分類方法、及びプログラム,エヌ・ティ・ティ・コミュニケーションズ株式会社,"G06F17/30,210@D 
 G06N99/00,153 
 G06F17/30,170@A"
534,特願2016-035461,特開2017-151860,"2016/02/26
 2017/08/31
 -",検索制御プログラム、検索制御装置及び検索制御方法,富士通株式会社,"G06F17/30,180@A 
 G06N99/00,153 
 G06F17/30,210@D 
 他"
535,特願2016-034774,特開2017-151813,"2016/02/25
 2017/08/31
 2018/05/11",入力画像から検出した対象物を表示する画像処理装置,ファナック株式会社,"G06T1/00,305@A 
 G06T7/00,610"
536,特願2016-032942,特開2017-151679,"2016/02/24
 2017/08/31
 -",識別装置及び識別プログラム,コニカミノルタ株式会社,"G06T7/00,350@B 
 G06N99/00,150 
 G06T7/00,250"
537,特願2016-032262,特開2017-151629,"2016/02/23
 2017/08/31
 -",検索制御プログラム、検索制御装置及び検索制御方法,富士通株式会社,"G06F17/30,330@B 
 G06F17/30,180@A"
538,特願2016-031375,特開2017-151557,"2016/02/22
 2017/08/31
 -",情報処理装置、情報処理方法及びプログラム,キヤノン株式会社,"G06N99/00,153 
 G06F17/30,210@D"
539,特願2016-036467,特開2017-148447,"2016/02/26
 2017/08/31
 -",瞬き検出システム、瞬き検出方法,学校法人慶應義塾,"A61B5/10,310@Z 
 G01S13/58 
 A61B5/11"
540,特願2016-051019,特許6188172,"2016/03/15
 2017/08/30
 2017/08/10",特許要件適否予測装置および特許要件適否予測プログラム,白井 和之,"G06F17/30,220@Z 
 G06Q50/18,310 
 G06F17/30,170@Z 
 他"
541,特願2016-237905,特開2017-146961,"2016/12/07
 2017/08/24
 2018/03/09",非定型テキストの抽出性能の向上のためのシステム及び方法,コリア インスティテュート オブ サイエンス アンド テクノロジー インフォメイション,"G06F17/30,210@A 
 G06F17/30,220@Z 
 G06F17/27,665"
542,特願2016-030215,特開2017-146924,"2016/02/19
 2017/08/24
 -",コンテンツ収集装置、コンテンツ収集方法およびコンテンツ収集プログラム,ヤフー株式会社,"G06F13/00,540@A 
 G06F17/30,180@Z"
543,特願2016-029992,特開2017-146909,"2016/02/19
 2017/08/24
 -",試着シミュレーションシステムおよびプログラム,株式会社アスコン,"G06Q50/10 
 G06F17/50,680@J 
 G06T13/40 
 他"
544,特願2016-027110,特開2017-144454,"2016/02/16
 2017/08/24
 -",車体部品の施工部位判定システム及び施工部位判定方法,トヨタ車体株式会社,"B23K11/24,338"
545,特願2016-040473,特開2017-144200,"2016/02/15
 2017/08/24
 -",遅延選択を用いた生体信号分析装置、プログラム及びシステム,松本 眞理子,"A61B5/04,312@A 
 G09B21/00@E 
 A61B5/05,390 
 他"
546,特願2017-108121,特許6185206,"2017/05/31
 2017/08/23
 2017/08/04",太陽光発電システムの異常または異常の予兆を検出するための方法及び装置,オーナンバ株式会社,"H02M7/48@M 
 H02S50/00 
 H02J13/00,301@D"
547,特願2017-503029,再表2018/042604,"2016/09/01
 2017/08/23
 2017/08/04",知的財産支援システムおよび知的財産支援方法並びに知的財産支援プログラム,株式会社ゴールドアイピー,"G06Q50/18,310"
548,特願2017-039267,特開2017-143730,"2017/03/02
 2017/08/17
 -",ゲインの最適化を学習する機械学習装置及び機械学習装置を備えた電動機制御装置並びに機械学習方法,ファナック株式会社,"H02P29/00 
 G05B13/02@L 
 H02P25/098"
549,特願2017-043687,特開2017-142811,"2017/03/08
 2017/08/17
 2018/05/11",モバイルデバイスユーザの将来の状態を予測することに関する方法,フェイスブック，インク．,"G06Q50/00,300 
 G06F13/00,510@G 
 G06Q50/00 
 他"
550,特願2017-019756,特開2017-142796,"2017/02/06
 2017/08/17
 -",情報の特定及び抽出,富士通株式会社,"G06F17/30,350@C 
 G06F17/30,170@A 
 G06Q50/00,300"
551,特願2016-252911,特開2017-142781,"2016/12/27
 2017/08/17
 -",確率的価格及び急変予測,富士通株式会社,"G06Q40/06 
 G06N99/00,150 
 G06N5/04 
 他"
552,特願2016-117073,特許6182242,"2016/06/13
 2017/08/16
 2017/07/28",データのラベリングモデルに係る機械学習方法、コンピュータおよびプログラム,三菱電機インフォメーションシステムズ株式会社,"G06N99/00,153 
 G06N3/08"
553,特願2016-020684,特開2017-138881,"2016/02/05
 2017/08/10
 -",操作メニューの表示を学習する機械学習器，数値制御装置，工作機械システム，製造システムおよび機械学習方法,ファナック株式会社,G05B19/409@C
554,特願2017-017624,特開2017-138596,"2017/02/02
 2017/08/10
 2018/09/14",話者適応システムにおける雑音補償,株式会社東芝,"G10L13/10,112@B 
 G10L13/06,130 
 G10L13/06,230@Z 
 他"
555,特願2016-012035,特開2017-135484,"2016/01/26
 2017/08/03
 -",無線通信試験装置及び無線通信試験方法,東日本旅客鉄道株式会社,"H04M1/24@F 
 H04B17/309 
 H04W24/06 
 他"